e1,r,e2
authentication,has_a,SOC
Protocol,has_a,Intrusion Detection System
Encryption,can_detect,access control
replay attack,can_exploit,botnet
scripts,has_a,FTP
OpenSSL,uses,Encryption
PAC,has_a,Public Key Encryption
POP,can_detect,accountability
RAT,has_a,RPKI
Penetration Testing,has_a,ATC
ISI,can_detect,APT
policy,uses,SOC
ISI,uses,Hellman Key Exchange
LEA,can_detect,incident response
IoT,can_exploit,CHAP
HTTPS,has_a,LEA
Schemes like Pretty Good Privacy,is_part_of,Privacy and Online Rights
MAC,can_exploit,Software Security Knowledge Area
LEA,uses,RSA
policy,uses,Protocol
Privileged Access Never,can_detect,Encryption
DES,can_detect,race condition
SOC,is_part_of,APT
access control,uses,ICS
Intrusion Detection System,has_a,HIDS
IDS,can_exploit,IDMEF
policy,uses,CSP
backdoor,has_a,ICS
DVI,has_a,RSA
MPLS,can_detect,Neighbor Discovery Protocol
NIST,has_a,HTTPS
IBE,uses,FIRST
APT,has_a,ISA
NCA,can_detect,encryption
operating systems,has_a,traceroute
ISF,can_detect,IDS
IPS,has_a,ATC
NCA,can_exploit,Tor
DDoS,can_detect,FIRST
Firewall,can_detect,worm
MAC,uses,ECC
DES,implements,Physical Systems Security
CVSS,has_a,Control
ISA,can_exploit,ICS
SMTP,can_exploit,OWE
SOP,is_a,privacy
Level Data Link Control,has_a,Strict Transport Security
Supervisory Control and Data Acquisition,can_exploit,ISI
authentication,can_exploit,HAC
PCI DSS,can_detect,policy
ESP,has_a,CAN
ACC,has_a,Tor
ENISA,can_detect,elliptic curve
AKE,is_a,Digital Signature
ENISA,uses,Http
Level Data Link Control,has_a,accountability
NIST,uses,policy
ARP,has_a,Neighbor Discovery Protocol
botnet,can_exploit,Chosen Message Attack
PKI,uses,LEA
Protocol,has_a,Resolution Protocol
msfconsole,can_analyze,Ubuntu Linux
DSS,can_detect,Authentication Protocol
network scanning,has_a,tool
SMTP,uses,NIST
DRM,can_detect,non-repudiation
MAC,can_detect,Network Functions Virtualisation
Key Value Store,can_exploit,KVS
TLS,can_detect,SMTP
domain socket,can_analyze,log messages
CTI,has_a,KDF
authentication,can_detect,zero trust
RSA,has_a,APT
MAC,can_detect,ATC
An Oblivious Random Access Memory,can_detect,CTI
Pointer Authentication Code,can_detect,Key Derivation Function
Http,has_a,ECC
MITM,can_exploit,Message Authentication Code
Multiprotocol Label Switching,uses,Tor
OpenSSH,can_analyze,telnet service
RFC 793,can_analyze,RST packet
Protocol,has_a,Programmable Logic Controller
Protocol,is_a,Encryption
ESP,can_detect,Extensible Authentication Protocol
SMTP,is_part_of,Protocol
configured,can_analyze,client-server
DHIES,has_a,Distributed Hash Table
RSA,implements,LEA
IPS systems,can_analyze,Network
ATC,has_a,Authentication Header
SHA-256,uses,Tor
IDS,can_exploit,Intrusion Detection
PAC,can_exploit,Network Address Translation
ASONAM,has_a,CAM
Mobile Security Testing Guide,can_detect,MPC
LEA,can_exploit,policy
Point Protocol,can_detect,Level Data Link Control
IoT,can_exploit,side-channel attack
SOC,has_a,LAN
ATC,can_exploit,Discretionary Access Control
race condition,has_a,access control
encryption,has_a,DHT
networking,has_a,Network Functions Virtualisation
Shared Key,has_a,RARP
networking,has_a,ICS
SSL,uses,OpenSSL
OWE,can_exploit,LEA
intrusive,can_harm,target host
Transport Layer Security,can_exploit,policy
SOP,has_a,HTTPS
Decryption,uses,PKI
IoT,has_a,Microsoft Security Development Lifecycle
paranoid option,is_part_of,Nmap
MAC,can_exploit,MD5
RAT,has_a,ISI
Public Key Encryption,uses,Transport Layer Security
ISI,can_detect,networking
FAIR,has_a,Tor
RSA,implements,CSP
access control,can_exploit,Tor
APT,is_part_of,FIRST
non-repudiation,can_exploit,hashing
LEA,can_exploit,The Cyber Security Body
man-in-the-middle,can_exploit,ISI
integrity,is_a,NSA
SOIM,is_part_of,Intrusion Detection System
SOC,can_detect,CTF
Tor,uses,Security Policy
AKE,can_detect,privacy
CAN,uses,Control
Shared Key,has_a,ISI
AKE,has_a,Http
Encapsulation Security Payload,can_detect,The Cyber Security Body
exploit,can_harm,integrity
threat modeling,has_a,HTTPS
Address Resolution Protocol,has_a,Neighbor Discovery Protocol
Nmap,can_analyze,Data
botnet,can_detect,DHT
NL,is_part_of,Privacy and Online Rights
PQC,can_exploit,Tor
denial of service,can_exploit,LEA
privacy,uses,ISI
LAN,is_part_of,ISA
Control,can_detect,policy
elliptic curve,implements,DHIES
client-server,has_a,Syslog
NSS,can_exploit,NIST
botnet,can_exploit,clickjacking
Identity Based Encryption,has_a,Level Data Link Control
KDF,has_a,Based Encryption
policy,has_a,Decryption
YARA,uses,Http
ESP,is_part_of,CAN
Local Area Network,can_exploit,RAT
TPM,can_exploit,TNC
HDLC,can_exploit,Protocol
ESP,has_a,LAN
ICS,uses,Control
KDF,has_a,incident response
Encapsulation Security Payload,can_detect,DSA
Firewall,uses,defend
Authentication Header,has_a,authorization
FLASK,can_detect,FHE
Security Policy,has_a,ICS
IDS,has_a,alarms
Tor,uses,Key Value Store
Protocol,uses,CSP
Control,uses,integrity
incoming,can_analyze,UDP packet
ISI,can_detect,SOC
Tor,uses,DAC
OWASP,can_detect,Tor
AEAD,has_a,AES
HAC,uses,policy
VPN,can_detect,access control
Intrusion Detection,can_exploit,privacy
symmetric encryption,can_detect,IDS
CVE,has_a,DAC
NSA,can_detect,ransomware
policy,has_a,ICS
ISI,can_detect,Protocol
RTP,uses,access control
SMTP,can_exploit,single sign-on
KEK,has_a,Tor
DHIES,has_a,Hellman Key Exchange
HAC,can_detect,authorization
Tor,uses,CTF
SOC,is_part_of,Protocol
CTI,uses,CHAP
PAC,can_detect,privacy
Message Authentication Reporting and Conformance,has_a,Direct Memory Access
NAT,has_a,DVI
APT,has_a,incident response
ABE,can_exploit,Mandatory Access Control
Message Authentication Reporting and Conformance,has_a,Security Extensions
Based Encryption,has_a,access control
HDLC,can_detect,POP
sandboxing,is_part_of,Operating Systems and Virtualisation Security
NAT,can_detect,Intrusion Detection System
Digital Signature Standard,is_part_of,Cryptography
SAST,is_part_of,Secure Software Lifecycle
ransomware,can_harm,availability
HAC,can_exploit,HTTPS
Security and Privacy,has_a,NSA
Trusted Network Connect,has_a,ACL
Metasploit framework,is_part_of,tool
SOP,can_detect,DES
HTTPS,has_a,CNS
Control,is_part_of,NSA
CTF,has_a,security policy
Controller Area Network,can_exploit,ISI
access control,uses,policy
TLS,uses,SHA-1
target,uses,payloads
IBE,can_detect,Encapsulation Security Payload
Hellman Key Exchange,has_a,Distributed Hash Table
DES,implements,Network Address Translation
UCON,uses,RSA
FIPS,can_detect,NIST
firewalls,is_part_of,IDS
Protocol,can_exploit,IDMEF
OpenSSL,uses,NSS
authentication,has_a,accountability
ESP,has_a,ISI
sandboxing,can_detect,APT
SSL,is_part_of,Tor
Network Address Translation,uses,Protocol
access control,can_detect,SAML
CVE,can_detect,command injection
SSL,can_exploit,PKI
tool,uses,system monitoring
symmetric encryption,uses,Http
integrity,can_exploit,PAC
authentication,can_exploit,LEA
RAT,has_a,PPTP
attackers,uses,port scan
PAC,is_a,Network Address Translation
Protocol,can_exploit,non-repudiation
Pointer Authentication Code,is_part_of,"Authentication, Authorisation and Accountability"
TLS,uses,Decryption
threat modeling,is_part_of,HTTPS
PAC,uses,Threat Intelligence
single sign-on,can_exploit,Http
Data Encryption Standard,can_exploit,DES
open source,is_part_of,tool
APT,has_a,Address Resolution Protocol
privacy,can_detect,SSL
Security Policy,can_detect,LEA
Http,can_exploit,Tor
DCS,uses,Programmable Logic Controller
Control,can_detect,OWE
MAC,can_detect,Enhanced Interior Gateway Routing Protocol
POP,can_exploit,APT
Intrusion Detection System,has_a,RAT
incident response,can_detect,GPG
Control,can_detect,Access Control List
CHAP,can_detect,DES
TLS,can_detect,DSKS
IBE,can_detect,SIEM
privacy,uses,RAT
anonymity,can_detect,IPsec
ESP,is_part_of,LAN
ICS,uses,FIRST
SIEM,can_detect,IBE
Industrial Control Systems,can_detect,LEA
identify,can_analyze,vulnerability
Security Policy,is_part_of,ICS
RSA,can_detect,denial of service
"Perform static analysis
security testing",is_part_of,Secure Software Lifecycle
DVI,can_detect,CTI
Nmap,is_part_of,traceroute
access control,is_a,Tor
CMA,can_exploit,separation of duties
Protocol,has_a,ARP
icmp-host-prohibited,can_analyze,ICMP error message
CHAP,has_a,authentication
policy,can_detect,Encryption
IBC,has_a,HSTS
Internet Security Association and Key Management Protocol,has_a,IPsec
setup,has_a,rsyslog
ATC,can_detect,Http
zero trust,can_detect,Encryption
LEA,has_a,availability
High Performance Controller,has_a,HAC
IDS,uses,Intrusion Detection System
asymmetric encryption,uses,LEA
SSL,can_exploit,SQUARE
Control,can_detect,SOP
accountability,uses,CHAP
Common Vulnerability Scoring System,has_a,complete mediation
Encryption,can_exploit,AKA
Http,can_exploit,CAM
symmetric encryption,can_exploit,Opportunistic Wireless Encryption
DES,can_exploit,Suricata
MD5,can_exploit,Tor
ICS,can_detect,Mandatory Access Control
trojan,is_part_of,Hardware Security
Tor,can_detect,DES
Firewall,has_a,MAC
HTTP,has_a,Protocol
IoT,has_a,PAC
CHAP,can_detect,HTTP
HDLC,can_detect,AKE
malware analysis,uses,YARA
virus,has_a,AKA
HAC,has_a,ransomware
encryption,has_a,Based Access Control
PAN,can_detect,Key Derivation Function
AKE,has_a,DES
NAT,uses,HTTP
economy of mechanism,can_exploit,Transport Layer Security
CMA,can_exploit,SQUARE
Tor,uses,hashing
Http,has_a,HTTPS
Access Control List,has_a,Authenticated Encryption with Associated Data
CTI,can_exploit,NIST
trojan,is_part_of,Malware and Attack Technologies
Code Protocol,can_exploit,CCS
systems,has_a,RFC 793
Encryption,uses,hash function
TPM,can_detect,HSM
LEA,has_a,digital forensics
Control,has_a,ATC
OWASP,has_a,MSTG
hash function,uses,ACL
SE,is_part_of,Web and Mobile Security
IoT,has_a,HAC
ESP,has_a,QKD
integrity,uses,RBAC
integrity,has_a,Hellman Key Exchange
policy,can_exploit,Security Policy
fail-safe defaults,can_exploit,Extensible Authentication Protocol
Advanced Encryption Standard,has_a,AES
Protocol,uses,Control
authentication,can_exploit,man-in-the-middle
Security Assertion Markup Language,can_exploit,SAML
IBE,can_detect,non-repudiation
AKE,uses,Computer Forensic Tool Testing
Challenge Handshake Authentication Protocol,can_detect,LAN
NIST,uses,Encryption
RBAC,can_detect,authentication
phishing,can_harm,authentication
Nmap,can_analyze,target
OWASP,can_exploit,KVS
blockchain,is_part_of,Distributed Systems Security
Encryption,uses,PAC
Encryption,can_detect,Hardware Security Module
NSA,can_exploit,OWASP
TNC,can_exploit,ESP
DDoS,can_exploit,LEA
Protocol,uses,intrusion prevention
Security Assertion Markup Language,can_detect,ISI
IP addresses,can_analyze,target host
ABE,can_exploit,RAT
IPS,has_a,Firewall
RSA,uses,AES
The Cyber Security Body,can_exploit,CFRG
RBAC,can_detect,Message Authentication Code
Key Infrastructure,can_detect,Network Security Knowledge Area
NAT,is_part_of,CTI
man-in-the-middle,can_exploit,MAC
ESP,has_a,IoT
ISI,uses,Public Key Cryptography
SCN,can_detect,NSA
Digital Signature,is_a,DES
LEA,can_exploit,Encryption
intrusion detection,can_exploit,IKE
botnet,can_exploit,CAM
Resource Public Key Infrastructure,has_a,access control
Tor,can_detect,RSA
business continuity,is_part_of,Risk Management and Governance
Decryption,uses,SOC
AKE,has_a,RSA
CHAP,can_exploit,availability
blockchain,can_detect,Protocol
Hardware Security Module,can_exploit,CAM
Intrusion Detection,can_detect,SOC
"Authentication, Authorisation and Accountability",is_part_of,Infrastructure Security
Decryption,uses,Protocol
ISI,can_detect,NIS
RSA,implements,FIRST
MAC,can_detect,Multiprotocol Label Switching
DES,implements,PKI
MITM,can_exploit,DES
PAC,uses,integrity
Protected Extensible Authentication Protocol,can_detect,Extensible Authentication Protocol
CHAP,is_part_of,authentication
KVS,can_exploit,MAC
defense in depth,is_a,security policy
IPS,can_exploit,AKE
transmitted,can_analyze,log data
networking,can_detect,MPLS
Resolution Protocol,has_a,ISA
Multiprotocol Label Switching,can_detect,Network Address Translation
DES,implements,DCS
Network Address Translation,uses,NCSC
CFRG,has_a,Http
PAC,can_detect,Physical Systems Security
DES,implements,hash function
blockchain,is_a,Protocol
SOC,uses,APT
Transport layer security,can_detect,DSKS
access control,can_detect,IBE
Syslog,can_analyze,syslogd
FLASK,can_detect,NSS
DES,implements,separation of duties
Risk Assessment,can_exploit,Address Resolution Protocol
CCS,is_part_of,PAN
advanced persistent threat,can_exploit,DES
availability,can_exploit,LEA
Industrial Control Systems,has_a,PAC
AKE,is_part_of,DES
IP fragments,is_part_of,Intrusion Detection Systems
Encryption,uses,APT
authentication,can_expose,Users share a password with a Kerberos Authentication Server
Protocol,can_detect,Encryption
TNC,can_exploit,IPS
DES,implements,PAC
ISI,can_exploit,AES
HMAC,implements,networking
MAC,has_a,ICS
POP,has_a,KAS
SIEM,can_detect,IDPS
Protocol,uses,FIRST
ACC,can_exploit,NAT
ACC,can_detect,Virtual Private Network
Penetration Testing,has_a,KDF
APT,uses,CTI
Key Encapsulation Mechanism,has_a,Tor
Discretionary Access Control,can_detect,ACL
policy,can_detect,IDS
PSK,has_a,PPP
PGP,uses,Protocol
Flux Advanced Security Kernel,can_exploit,authentication
ISI,can_detect,FIRST
CSA,has_a,CVE
HSM,has_a,Tor
ABE,can_exploit,authentication
ASC,can_exploit,MAC
RSA,is_part_of,phishing
CHAP,can_detect,POP
Forensics,is_part_of,Attacks Defences
"Sextortion is becoming such a relevant threat that crime prevention agencies such as the
National Crime Agency",has_a,Symposium on Access Control Models and Technologies
AKE,has_a,Distributed Systems Security
RSA,has_a,CVSS
CMA,can_exploit,Cryptographically Generated Address
APT,has_a,CHAP
Institute of Information Security Professionals,uses,KAS
authentication,can_exploit,DMA
APT,can_exploit,CAN
WEP,can_detect,worm
integrity,can_exploit,SOC
Simple Mail Transfer Protocol,uses,integrity
Protocol,can_exploit,RTP
AGC,has_a,ISA
ISA,uses,Policy
access control,can_exploit,CDA
accountability,can_exploit,AKE
KAS,can_exploit,CTI
accidental,is_part_of,denial-of-service attacks
ECDSA,can_exploit,AKA
Hardware Security Module,has_a,HSM
single sign-on,can_detect,IBE
IBE,can_detect,encryption
"Secure Socket Tunneling
Protocol",is_part_of,Security Operations and Incident Management
NIST,is_a,Tor
worm,can_exploit,SMTP
Hardware Security Knowledge Area,can_exploit,ICS
3rd party services,uses,Data
Encryption,has_a,Key Value Store
zombie,has_a,Port
Local Area Network,can_detect,Tor
AKE,has_a,privacy
Tor,can_detect,cross-site scripting
Perform Dynamic Analysis Security Testing,is_part_of,Software Security
Protocol,uses,Fi Protected Access
RBAC,can_exploit,Tor
Snort,can_detect,Network Attacks
authentication,uses,integrity
LEA,is_part_of,FIRST
SSL,can_exploit,SOC
Tor,has_a,SHA-256
ISI,can_exploit,policy
Risk Assessment,is_part_of,RBAC
malware analysis,has_a,DES
LAN,is_part_of,ISI
SQUARE,can_exploit,SMTP
DSA,can_detect,DVI
Protocol,has_a,access control
Risk Assessment,has_a,DES
Suricata,can_detect,Intrusion Detection
Control,has_a,policy
SSL,can_exploit,Protocol
Enum4linux,can_analyze,Metasploitable 2
attack,can_harm,site
Protocol,has_a,ATC
DDoS,has_a,DMA
set command,has_a,advanced
"Proceedings of the Network
and Distributed Systems Security Symposium",is_part_of,Distributed Systems Security
MAC,can_detect,LEA
hash function,can_exploit,RAT
Authenticated Encryption,can_exploit,Advanced Encryption Standard
IKE,can_detect,Control
Control,uses,SOC
POP,can_exploit,phishing
Snort,uses,Suricata
National Cyber Security Centre,can_detect,Neighbor Discovery Protocol
CHAP,can_exploit,Snort
authentication,can_exploit,MD5
ISI,has_a,SOC
DAST,is_part_of,DES
intrusion prevention,can_detect,Control
ASC,uses,Control
KAS,has_a,authentication
ESP,uses,CAN
CHAP,has_a,key management
Cybersecurity Coordination Group,uses,privacy
ISI,has_a,Protocol
received,has_a,response
elliptic curve,implements,Encryption
CTI,can_detect,worm
LEA,uses,Privacy Enhancing Technologies
DES,is_part_of,Secure Software Lifecycle
IPS,can_exploit,Network Time Protocol
NSA,can_exploit,Hardware Security Knowledge Area
CFRG,can_exploit,Protocol
IDS,can_detect,intrusion detection
CSA,has_a,The Cyber Security Body
networking,has_a,LEA
High Performance Controller,has_a,HMAC
integrity,uses,IBE
RADIUS,has_a,Tor
privacy,can_detect,NSA
NAT,has_a,Open Web Application Security Project
MAC,has_a,PGP
Transport Layer Security,is_part_of,SSL
RSA,uses,APT
Tor,uses,AEAD
RAT,uses,UCON
ICS,can_detect,authentication
Intrusion Detection,can_detect,Control
key management,has_a,ISF
Protocol,can_exploit,Code Protocol
SOC,uses,Protocol
OWASP,can_exploit,AKE
DSKS,can_detect,ENISA
NICE,can_detect,LEA
NAT,uses,AKE
Distributed Systems Security,uses,ISA
SIEM,can_exploit,DES
DES,is_part_of,Tor
Point Protocol,has_a,PQC
FIPS,can_detect,ACSAC
CVE,can_detect,Tor
syslogd,uses,error message
Tor,uses,Hardware Security Module
spear phishing,can_exploit,social engineering
version detection,has_a,Nmap Scripting Engine
RAT,can_exploit,IDMEF
Http,has_a,Public Key Cryptography
ISI,uses,code review
Control,can_detect,PLC
denial of service,can_detect,policy
ORAM,can_detect,Protocol
ICS,has_a,LEA
SSL,uses,IBE
NCA,has_a,IBAC
Security Operating Center,can_exploit,SOP
CHAP,can_exploit,Lightweight Application Security Process
detection,can_analyze,issues
LEA,can_detect,access control
DDoS,has_a,FIRST
PKI,can_exploit,Security Operating Center
intrusion prevention,has_a,Tor
Symposium on Security and Privacy,has_a,SOC
HPC,has_a,NIS
RBAC,can_detect,Content Security Policy
RBAC,uses,access control
Privileged Access Never,can_detect,Pointer Authentication Code
Internet Message Access Protocol,can_detect,Protocol
NIS,can_exploit,HMAC
Computer Forensic Tool Testing,can_exploit,integrity
DFRWS,has_a,Digital Forensics Research Workshop
Vulnerability Assessment,is_part_of,Software Security
authentication,uses,Public Key Encryption
NTP,can_exploit,Protocol
Hellman Key Exchange,has_a,DHKE
DES,implements,networking
RAT,can_detect,IBE
Authenticated Encryption with Associated Data,has_a,ACL
Intrusion Detection,can_detect,accountability
Common Vulnerability Scoring System,is_part_of,Software Security
Security Policy,has_a,LEA
NTP,can_exploit,CSP
Security Information and Event Management,can_detect,ACC
SAST,uses,Tor
incident response,has_a,NCA
severity,can_analyze,error
Nmap,uses,processes
Control Flow Graph,can_exploit,Policy
Control,is_part_of,Operating Systems and Virtualisation Security
policy,is_part_of,SOP
DES,implements,SOIM
AKE,uses,Hellman Key Exchange
MAC,has_a,policy
IDS,can_exploit,NIST
ESP,can_exploit,NSA
NSA,uses,separation of duties
policy,has_a,LEA
access control,can_detect,Tor
DMARC,has_a,Tor
DES,has_a,APT
LEA,uses,CTI
ISF,has_a,LAN
ISI,uses,RSA
ECC,can_detect,elliptic curve
ISI,is_part_of,SOC
DNSSEC,has_a,Hellman Key Exchange
DHKE,can_detect,MAC
hash function,can_exploit,Message Authentication Code
Tor,uses,IMAP
PAC,can_exploit,phishing
ACC,can_exploit,APT
The Cyber Security Body,can_exploit,Based Access Control
integrity,can_exploit,availability
hash function,can_exploit,MAC
penetration tester,uses,brute force
key management,can_detect,ISAKMP
ICS,can_detect,Security Information and Event Management
Trojan,has_a,ARP
"Perform static analysis
security testing",is_part_of,ESP
ISI,uses,RBAC
Based Access Control,uses,APT
policy,has_a,Encryption
ESP,can_exploit,KAS
SPF,can_exploit,authentication
ATC,has_a,Http
Threat Intelligence,can_detect,ICS
LEA,has_a,CHAP
Local Area Network,can_exploit,RSA
Control,has_a,UCON
RPKI,has_a,access control
Intrusion Detection,can_exploit,Internet Message Access Protocol
Control,has_a,SOP
Transport Layer Security,can_exploit,incident response
CTI,has_a,HTTPS
DES,implements,SOC
Firewall,is_part_of,Intrusion Detection Systems
hashing,can_exploit,Tor
DES,implements,Protocol
Network Time Protocol,can_exploit,National Security Agency
Tor,uses,DSS
availability,can_detect,ATC
explore,can_analyze,vulnerability
IDS,can_exploit,IBE
ISI,has_a,SENT
Status Protocol,can_exploit,NIST
SOP,is_part_of,DES
SDN,can_detect,Control
chill out,is_part_of,Nmap
"Wiki
The Open Web Application Security Project",has_a,DVI
DSS,can_detect,RAT
PAN,can_exploit,SSL
CTI,is_part_of,Cryptography
SE,is_part_of,Applied Cryptography
CAN,has_a,ISI
Content Security Policy,has_a,ASC
networking,can_exploit,Tor
DES,uses,RSA
locally,can_analyze,operating system
MAC,can_exploit,access control
timing attack,can_exploit,LEA
Burp Suite,can_analyze,web security
PAKE,can_exploit,hashing
MAC,has_a,HAC
adware,has_a,PAC
Privacy and Online Rights,is_part_of,Human Organisational Regulatory
MAC,has_a,ISF
ISA,can_exploit,Control
ICS,is_part_of,LEA
IBE,can_detect,Extensible Authentication Protocol
Decryption,can_detect,Tor
PAC,can_exploit,Control
SSL,has_a,Spyware
RAT,can_exploit,NTP
CMA,can_exploit,availability
APT,has_a,DAC
Authentication and Key Agreement,is_part_of,"Authentication, Authorisation and Accountability"
selector field,can_analyze,facility
CMA,can_exploit,Control
CVSS,has_a,access control
security services,has_a,tools
packet flow,can_analyze,suspicious activity
AKE,uses,HTTPS
IPsec,has_a,Supervisory control and data acquisition
NCSC,uses,Neighbor Discovery Protocol
Protocol,can_exploit,Access Point
Digital forensics,has_a,DCS
HSTS,has_a,ICMP
ACL,is_a,access control
"One intuitive idea for this type of control algorithm is
to use Model Predictive Control",has_a,The Advanced Encryption Standard
Tor,is_part_of,Security Operations and Incident Management
Hellman Key Exchange,uses,Encryption
PST,has_a,Point Protocol
LEA,uses,Public Key Encryption
ICS,has_a,ISA
CTI,can_exploit,integrity
CHAP,is_part_of,DES
DVI,has_a,Public Key Encryption
Resolution Protocol,has_a,RARP
CTI,can_exploit,TLS
FAIR,has_a,Http
access control,can_exploit,Http
privacy,has_a,Tor
authentication,can_detect,FHE
Intrusion Detection Systems,can_exploit,Tor
AKE,uses,RAT
HAC,can_exploit,RSA
ISA,can_exploit,NIS
access control,has_a,RBAC
authentication,can_detect,LEA
LEA,can_exploit,cross-site request forgery
ISI,has_a,digital forensics
side-channel attack,can_exploit,encryption
POP,can_exploit,Intrusion Detection System
MAC,can_detect,NICE
Fi Protected Access,can_detect,VPN
MAC,uses,DES
zero-day,can_exploit,vulnerability
Direct Memory Access,can_exploit,Digital Signature
ISI,uses,Risk Assessment
TNC,can_exploit,NSA
DHKE,uses,Shared Key
PPP,has_a,PQC
ISI,has_a,NIS
HTTPS,uses,APT
NIST,can_exploit,DES
policy,can_exploit,Global Cybersecurity Index
policy,uses,Security Policy
security awareness,is_part_of,Human Factors
rootkit,can_harm,integrity
ACC,can_exploit,SOIM
Encryption,can_detect,Hardware Security Knowledge Area
features,is_part_of,Nmap
KEK,can_detect,Decryption
PKI,can_exploit,Chosen Message Attack
CTI,can_detect,DES
architecture,has_a,severity
filtered ports,is_part_of,Nmap
Privileged Access Never,can_detect,Key Derivation Function
botnet,can_exploit,networking
CHAP,has_a,Distributed Systems Security
SAML,is_part_of,"Authentication, Authorisation and Accountability"
hosts,has_a,Perl
The Cyber Security Body,can_exploit,KAS
IBC,can_exploit,authentication
MAC,has_a,UCON
integrity,uses,Tor
Intrusion Detection,can_exploit,PAC
The Cyber Security Body,can_exploit,Status Protocol
CHAP,uses,authentication
Hardware Security Module,has_a,HTTPS
HSM,can_detect,EAP
Internet Key Exchange,has_a,ATC
PKE,can_detect,encryption
OWASP,can_detect,Http
NAT,has_a,Key Encapsulation Mechanism
Based Access Control,can_exploit,RAT
anonymity,can_detect,Tor
digital forensics,has_a,DHIES
SOC,uses,NIS
The Cyber Security Body,can_exploit,DES
SCADA,uses,network segmentation
Http,has_a,DES
IPS,can_detect,DES
ATC,can_exploit,SOC
NIS,has_a,encryption
CHAP,can_exploit,Suricata
Encapsulation Security Payload,is_part_of,Malware and Attack Technologies
PAC,can_exploit,MD5
code review,uses,BSIMM
Tor,uses,Point Protocol
DVI,can_detect,Control
Unix/Linux,has_a,domain socket
Risk Assessment,can_detect,intrusion prevention
OWE,can_detect,DRM
availability,can_detect,CVE
Encryption,can_detect,AKA
PKI,can_detect,Public Key Cryptography
Metasploit framework,can_analyze,Client
RAT,has_a,Access Point
IPsec,uses,encryption
Nmap,uses,network scanning
SSL,uses,Tor
Message Authentication Code,can_exploit,APT
deploy,can_detect,attacks
DMA,has_a,FIRST
operating systems,can_expose,vulnerable
FIRST,can_detect,authentication
Cyber-Physical Systems Security,is_part_of,Infrastructure Security
Suricata,can_exploit,Tor
"Workshop on the Economics
of Information Security and Privacy",is_part_of,Cyber-Physical Systems Security
CFG,can_exploit,CLASP
Control,uses,symmetric encryption
LEA,uses,APT
TLS,can_exploit,authentication
"Open Web
Application Security Project",can_exploit,The Cyber Security Body
Protocol,can_exploit,Challenge Handshake Authentication Protocol
botnet,can_exploit,Protocol
Automatic Gain Control,has_a,availability
DNSSEC,can_detect,DES
CHAP,is_part_of,Mobile Security Knowledge Area
ATC,has_a,DES
Industrial Control Systems,has_a,Control
Protocol,can_exploit,Controller area network
FIRST,can_detect,MAC
Public Key Cryptography,has_a,HTTPS
worm,can_detect,LAN
DES,implements,Software Security Knowledge Area
malware analysis,uses,Cuckoo Sandbox
DES,implements,availability
rule,has_a,fields
DES,implements,Control
Address Resolution Protocol,has_a,ICS
denial of service,has_a,DHIES
Security Extensions,has_a,Http
ICS,can_exploit,Networking
Digital Signature,can_exploit,Control
VXLAN,can_detect,WAF
ISF,uses,hash function
ISA,can_exploit,OAuth
Enhanced Interior Gateway Routing Protocol,can_detect,Encryption
ISI,is_part_of,digital forensics
RSA,implements,Security Policy
SOC,has_a,SAML
POP,can_exploit,DDoS
ISI,has_a,Address Resolution Protocol
Protocol,has_a,Hardware Security Module
KEK,has_a,Key Encapsulation Mechanism
worm,is_part_of,Malware and Attack Technologies
NIST,has_a,Authenticated Encryption
Public Key Cryptography,has_a,Key Infrastructure
Border Gateway Protocol,can_exploit,Control
Security Policy,uses,PKI
FIPS,has_a,Tor
ISI,is_part_of,NIS
GDPR,has_a,"The
committee of industry participants are members of the Open Web Application Security Project"
NSS,can_exploit,SSL
AKE,uses,MAC
SAML,uses,single sign-on
secure coding,uses,DES
Access Point,has_a,AGC
DES,implements,DMA
Syslog,can_analyze,Ubuntu
privacy,has_a,integrity
KAS,has_a,DES
SMAP,can_detect,SAML
denial of service,can_detect,Encryption
Encryption,uses,symmetric encryption
FAIR,has_a,NSA
connection requests,can_analyze,TCP RST reset packet
WEP,can_detect,cross-site scripting
DNSSEC,has_a,MAC
NCSC,can_detect,multi-factor authentication
Control,can_exploit,authorization
SOC,can_detect,Tor
IDS,uses,DHIES
NCSC,can_detect,NFV
integrity,has_a,DES
MAC,has_a,LEA
DES,implements,NIS
ransomware,can_detect,business continuity
integrity,can_detect,policy
RSA,implements,DAC
Snort,can_exploit,Tor
NAT,has_a,KAS
Applied Cryptography,is_part_of,Systems Security
CTI,can_exploit,asymmetric encryption
DVI,can_detect,MD5
PAP,can_detect,LAN
ABE,can_detect,Mobile Security Testing Guide
separation of duties,can_exploit,SSL
KDF,can_detect,PEAP
Global Cybersecurity Index,can_detect,Tor
NIS,can_exploit,Intrusion Detection System
Remote Access Trojan,can_exploit,replay attack
DNS queries,can_analyze,proxied
MISP,can_exploit,ABE
Control,can_detect,ISI
DES,can_exploit,Nmap
Ubuntu,uses,rsyslogd
The Cyber Security Body,has_a,IPsec
ACL,uses,AES
Common Vulnerability Scoring System,has_a,DAC
MD5,has_a,RSA
Encryption,has_a,Hardware Security Module
MAC,has_a,Encryption
CHAP,uses,Public Key Cryptography
return-oriented programming,can_exploit,SOC
ISI,can_exploit,phishing
availability,can_exploit,ISI
ubuntu distribution,uses,rsyslogd
HTTPS,uses,Protocol
open design,has_a,least privilege
access control,has_a,NIST
PKCS,uses,hash function
return-oriented programming,can_exploit,Protocol
source,has_a,ports
Common Vulnerability Scoring System,has_a,CTF
Protocol,can_exploit,return-oriented programming
RAT,can_exploit,DES
Protocol,can_exploit,clickjacking
RAT,has_a,NIST
scans,has_a,NSE
Suricata,can_exploit,YARA
Intrusion Detection,can_detect,CHAP
Encryption,uses,Fi Protected Access
SIEM,can_exploit,return-oriented programming
Access Point,can_exploit,ICS
POP,can_detect,OWE
author,uses,targets
EAP,can_exploit,Tor
Protocol,can_exploit,Authenticated Encryption
MAC,uses,privacy
brute force,has_a,Password
Based Encryption,has_a,HSM
IKE,has_a,NIS
code injection,can_detect,DES
access control,can_exploit,code review
IDXP,can_exploit,Intrusion Detection System
symmetric encryption,uses,Decryption
LAN,can_detect,PEAP
OWASP,can_exploit,CTI
SENT,has_a,Key Derivation Function
Hardware Security Knowledge Area,can_exploit,LEA
CTI,can_exploit,OEA
accountability,has_a,HIDS
anonymity,can_exploit,RSA
Syslog,can_analyze,facility
DES,implements,FIRST
ISI,can_exploit,IDS
ACL,can_exploit,SHA-256
DSS,can_exploit,Tor
Internet Message Access Protocol,can_exploit,ISA
hash function,can_detect,ECC
ENISA,can_detect,digital signature
Control,has_a,IDS
hash function,uses,elliptic curve
virus,can_detect,AKE
PLC,uses,Control
RSA,implements,access control
Key Encryption Key,has_a,KAS
privacy,uses,NIST
DES,implements,symmetric encryption
Address Resolution Protocol,has_a,AES
Virtual Private Network,can_detect,VXLAN
CAM,has_a,NAT
DES,implements,ENISA
SOC,can_detect,ACSAC
target machine,uses,information
SOC,can_detect,ECC
PAC,can_exploit,DDoS
FIPS,is_part_of,Tor
access control,has_a,IBE
Automatic Gain Control,has_a,Address Resolution Protocol
Message Authentication Code,can_exploit,Protocol
AES,can_detect,SHA-256
AKE,can_detect,SOC
IPS,has_a,ISI
integrity,can_exploit,CMA
LEA,uses,SOC
Physical Systems Security,has_a,The Cyber Security Body
access control,can_detect,Key Infrastructure
exploit,can_harm,privacy
security policy,has_a,CSRF
key management,is_part_of,Cryptography
ECC,has_a,Encryption
LEA,uses,Protocol
DVI,has_a,SOC
PAP,is_part_of,NAT
ICS,can_detect,RBAC
DHKE,has_a,authentication
"Extensible Authentication
Protocol",is_part_of,"Authentication, Authorisation and Accountability"
authentication,uses,Http
TPM,uses,Decryption
man-in-the-middle,can_exploit,IBE
integrity,is_part_of,DES
Intrusion Detection Systems,has_a,Intrusion Detection
Lightweight Application Security Process,can_exploit,encryption
exploit,can_analyze,Payload
Identity Based Encryption,has_a,intrusion detection
rolling edition,is_part_of,Metasploit framework
access control,can_exploit,KVS
NCA,can_detect,PAC
KVS,is_a,Key Value Store
CTF,has_a,HTTP
Message Authentication Reporting and Conformance,has_a,NSS
secure coding,has_a,LEA
privacy,can_detect,Physical Systems Security
Content Security Policy,can_exploit,access control
malware analysis,uses,DES
NIST,can_detect,APT
Distributed System Security Symposium,is_part_of,Distributed Systems Security
Filtering,can_analyze,devices
IDS,can_detect,RAT
Kerberos,implements,authentication
Discretionary Access Control,can_exploit,access control
Intrusion Detection,can_detect,ARP
authentication,can_exploit,SMTP
OCSP,can_exploit,Outgoing Eclipse Attacks
RAT,has_a,PST
CVE,has_a,security policy
Message Authentication Code,can_exploit,HMAC
MAC,can_detect,ISI
integrity,uses,Public Key Encryption
HTTPS,has_a,MSTG
ISI,can_detect,access control
hashing,can_exploit,rootkit
Authentication Header,has_a,authentication
Tor,uses,ECC
MAC,can_exploit,AEAD
symmetric encryption,uses,ACL
ORAM,can_exploit,OWE
incident response,can_detect,RBAC
hash function,can_exploit,RSA
TPM,is_part_of,Hardware Security
return-oriented programming,can_detect,RSA
Tor,uses,AKA
MITM,can_exploit,Digital Signature
Based Access Control,can_detect,GPG
Message Authentication Code,can_exploit,man-in-the-middle
machines,has_a,traceroutes
Metasploit,has_a,installed
RSA,can_detect,Tor
SOP,can_exploit,CMA
Common Criteria,can_exploit,DES
Hellman Integrated Encryption Scheme,has_a,Message Authentication Reporting and Conformance
Flux Advanced Security Kernel,can_detect,ESP
Common Criteria,can_exploit,Code Protocol
botnet,can_detect,ICS
NDP,can_detect,Protocol
separation of duties,is_a,security policy
spear phishing,is_part_of,Human Factors
hash function,can_exploit,RBAC
reverse engineering,can_exploit,CAM
MISP,can_exploit,FIRST
PSK,has_a,Remote Access Trojan
availability,uses,SOC
IBE,has_a,IBAC
Encryption,is_part_of,Cryptography
ABE,can_exploit,Chosen Message Attack
Tor,uses,Networking
DES,has_a,MD5
Protocol,can_exploit,IDPS
Digital forensics,is_part_of,Forensics
ABE,has_a,Tor
Encryption,can_exploit,RSA
Firewall,can_exploit,ATC
The Cyber Security Body,can_detect,Tor
MAC,has_a,IDS
CTF,has_a,ASC
IKE,uses,National Cyber Security Centre
AKE,has_a,PKI
RAT,can_detect,Public Key Encryption
HSM,has_a,Http
Message Authentication Code,can_exploit,MISP
Level Data Link Control,can_detect,CAN
Distributed Hash Table,has_a,denial of service
SCADA,can_exploit,POP
single sign-on,can_exploit,Kerberos
Tor,uses,Distributed Hash Table
Hellman Key Exchange,is_part_of,Applied Cryptography
ICS,can_exploit,ESP
Key Value Store,can_exploit,man-in-the-middle
HTTP,can_detect,OWE
HTTPS,can_detect,OWASP
ISI,uses,National Cyber Security Centre
IMAP,can_exploit,intrusion detection
OpenSSL,implements,TLS
Public Key Encryption,has_a,RSA
Point Protocol,can_detect,CAN
IPS,has_a,RAT
incident response,can_exploit,SOC
OEA,can_exploit,Opportunistic Wireless Encryption
privacy,can_exploit,LEA
CAN,is_part_of,LAN
Based Access Control,has_a,authorization
Software Security Knowledge Area,can_exploit,DES
RAT,uses,LAN
AEAD,can_exploit,authentication
Computer Forensic Tool Testing,can_exploit,ABE
denial of service,can_exploit,hashing
Digital Signature,uses,integrity
IDS,can_detect,authentication
Common Vulnerability Scoring System,has_a,CVE
adware,has_a,Control
Control,can_exploit,IDXP
ACC,has_a,ICMP
Nmap,uses,ACK scan
Direct Memory Access,has_a,RAT
Protocol,can_exploit,PAP
FIPS,can_detect,Http
Security and Privacy,uses,DES
SE,is_part_of,Distributed Systems Security
DES,implements,IKE
ATC,can_exploit,Snort
RBAC,can_exploit,Http
encryption,can_exploit,The Cyber Security Body
policy,has_a,ISI
Security Operating Center,can_exploit,LAN
AKA,has_a,The Cyber Security Body
ICS,is_part_of,Trojan
authentication,uses,NSA
IKE,can_exploit,IDS
CTI,has_a,DES
worm,can_exploit,WPA
incident response,can_detect,Risk Assessment
DVI,has_a,SENT
MAC,has_a,NSS
Tor,uses,Mandatory Access Control
Control,can_exploit,Point Protocol
IBE,is_part_of,DES
Risk Assessment,can_exploit,policy
Opportunistic Wireless Encryption,can_exploit,NVD
HAC,has_a,Tor
Message Authentication Code,can_exploit,availability
set command,can_analyze,Payload
Key Derivation Function,can_detect,Password Authentication Protocol
integrity,can_detect,LEA
MAC,can_detect,WEP
RPKI,is_part_of,Cryptography
Internet Key Exchange,can_exploit,IBE
The Cyber Security Body,uses,RAT
replay attack,can_exploit,ICS
Http,uses,AKA
"Open Web
Application Security Project",can_exploit,OWASP
Protocol,can_exploit,CAM
The Cyber Security Body,can_detect,DVI
AKE,can_detect,availability
ISI,has_a,ARP
RSA,implements,PSK
PAC,can_detect,phishing
AKE,can_detect,Control
NIST,can_detect,SOC
Control,can_detect,ransomware
FHE,can_detect,The Cyber Security Body
LEA,uses,Control
IDS,can_detect,Intrusion Detection
NIST,can_detect,Protocol
Control,has_a,RPKI
Transport layer security,can_detect,TLS
Public Key Encryption,has_a,blockchain
SHA-1,implements,AKE
KAS,can_detect,AES
NIST,can_detect,Digital Serial Interface
Intrusion Detection,can_exploit,IDS
CAN,is_part_of,ISI
virus,can_harm,availability
access,is_part_of,command shell
RAT,uses,ISI
key management,has_a,LAN
Access Point,has_a,CTI
authentication,can_detect,multi-factor authentication
privacy,has_a,DHT
Control,can_detect,Key Derivation Function
devices,has_a,firewalls
Firewall,has_a,policies
RAT,has_a,Threat Intelligence
FAIR,uses,Tor
ARP,uses,Cyber Kill Chain
Tor,can_detect,APT
OWE,can_detect,LEA
ORAM,can_exploit,LEA
CHAP,uses,RSA
CTI,has_a,HTTP
FIRST,has_a,authentication
RAT,can_detect,ESP
SSTP,can_exploit,separation of duties
Firewall,has_a,rulesets
LEA,uses,digital forensics
UCON,uses,Protocol
access control,has_a,Tor
cross-site request forgery,can_detect,command injection
Sql Injection,can_exploit,Control
Trusted Network Connect,can_exploit,authentication
HAC,can_detect,Http
Public Key Encryption,can_detect,PAP
Nmap,can_analyze,information
CTI,has_a,RSA
authorization,can_detect,HTTPS
Suricata,uses,Encryption
penetration testing,is_part_of,Secure Software Lifecycle
reboot,can_analyze,device
ISI,can_detect,Enhanced Interior Gateway Routing Protocol
PKI,uses,digital signature
The Cyber Security Body,can_detect,An Oblivious Random Access Memory
DVI,has_a,NIS
dos script,can_detect,Denial of service attack
hack,can_harm,target
Log Alert System,is_part_of,Snort
ISI,can_detect,policy
FAIR,can_exploit,exploit
LEA,can_detect,NCA
The Cyber Security Body,has_a,IBE
IPS,has_a,MAC
Distributed Hash Table,can_exploit,DHT
integrity,uses,CFTT
NDP,can_detect,Control
CLASP,can_exploit,Computer Forensic Tool Testing
AKA,can_exploit,virus
Security Assertion Markup Language,can_detect,IBE
NSA,can_exploit,Content Security Policy
CHAP,uses,Mobile Security Knowledge Area
Key Encapsulation Mechanism,uses,NCA
Resource Public Key Infrastructure,has_a,RPKI
hash function,can_exploit,NIST
privacy,can_exploit,ISA
MAC,is_a,access control
system configuration,can_analyze,setup
Snort,can_analyze,system
ESP,has_a,NCA
NCA,has_a,Kerberos
privacy,uses,Tor
ifconfig command,can_analyze,IP address
Protocol,can_exploit,SAE
Linux,uses,file
Pointer Authentication Code,can_detect,Key Infrastructure
Protocol,can_exploit,integrity
AKE,uses,HTTP
"Internet Security
Association and Key Management Protocol",is_part_of,Cryptography
hash function,has_a,Tor
return-oriented programming,can_exploit,Address Resolution Protocol
Control,can_exploit,Computer Forensic Tool Testing
OWASP,has_a,HTTPS
National Cyber Security Centre,can_detect,ICS
SIEM,can_detect,NSA
code review,can_exploit,ICS
denial of service,has_a,Encryption
interfaces,has_a,IP addresses
virus,is_part_of,ASC
PAC,has_a,secure coding
Common Criteria,can_analyze,security evaluation
social engineering,can_exploit,Human Factors
Tor,has_a,DES
OAuth,uses,Tor
Authentication and Key Agreement,has_a,The Cyber Security Body
Syslog,can_analyze,instances
The Cyber Security Body,has_a,PST
access control,can_detect,Http
zero trust,can_exploit,YARA
network monitoring,has_a,tools
MAC,can_exploit,OWASP
AKE,uses,RSA
AKE,can_exploit,secure coding
key management,has_a,ISI
SPF,can_exploit,NIST
Protocol,can_exploit,CTI
ICS,can_detect,PEAP
scanning,can_analyze,weaknesses
DES,can_exploit,elliptic curve
IP identification field,can_analyze,systems
Key Infrastructure,has_a,RTP
Key Infrastructure,can_exploit,SSL
system,has_a,open ports
ICMP,can_detect,LEA
closed,can_analyze,destination
Hypertext Transfer Protocol,has_a,Hardware Security Module
Programmable Logic Controller,can_detect,Key Infrastructure
MITM,can_exploit,APT
hash function,is_a,blockchain
Control,has_a,ISI
SHA-256,implements,LEA
Tor,uses,HTTPS
Nmap,uses,scanning
incident response,can_exploit,Control
Tor,uses,MPLS
SIEM,can_detect,SCN
HIDS,is_part_of,Network Security
RAT,is_part_of,Secure Software Lifecycle
APT,can_detect,RAT
intrusion prevention,has_a,Key Encapsulation Mechanism
accountability,has_a,authentication
AKE,is_part_of,confidentiality
RAT,can_exploit,return-oriented programming
Public Key Encryption,has_a,NIST
side-channel attack,can_exploit,return-oriented programming
DSS,uses,The Cyber Security Body
asymmetric encryption,can_exploit,ICS
CTI,can_detect,National Cyber Security Centre
threat modeling,has_a,CTI
TLS,can_exploit,ASC
Tor,uses,Key Infrastructure
MAC,can_detect,Key Derivation Function
digital forensics,can_exploit,Tor
SOC,can_exploit,IBE
privilege escalation,can_detect,blockchain
Based Access Control,can_detect,RAT
NSA,can_exploit,DES
Http,can_detect,APT
NAT,uses,Protocol
Tor,uses,RAT
ESP,has_a,Intrusion Prevention System
ISO 27001,implements,security governance
PAC,can_detect,incident response
Tor,uses,Password Authentication Protocol
Protocol,can_exploit,botnet
Chosen Message Attack,can_exploit,Authentication Protocol
CTI,can_detect,PAP
YARA,uses,networking
Encryption,can_exploit,IBE
Tor,has_a,RSA
IBE,can_detect,Digital Signature
Authentication and Key Agreement,has_a,authorization
PKI,can_exploit,SQUARE
NICE,has_a,IDS
hash function,has_a,ECC
Security Extensions,has_a,Digital Forensics Research Workshop
SAML,can_exploit,cross-site scripting
integrity,can_exploit,access control
Tor,uses,ISAKMP
opened,can_analyze,vulnerability
virus,has_a,AKE
access control,has_a,integrity
NIST,can_detect,PQC
RSA,can_exploit,cross-site scripting
integrity,can_exploit,ATC
Tor,uses,SIEM
RAT,has_a,integrity
Physical Systems Security,can_detect,ISI
authentication,has_a,Encryption
APT,uses,CHAP
CTI,has_a,POP
Address Resolution Protocol,has_a,Protocol
The Cyber Security Body,can_exploit,ICS
"Resources
The Open Web Application Security Project",can_detect,APT
HTTPS,has_a,DSS
Public Key Encryption,can_detect,CTI
SOC,has_a,ECC
LEA,can_detect,HSM
NIST,can_detect,NCSC
ISI,uses,hash function
Public Key Encryption,is_a,Protocol
encryption,is_part_of,ACC
privacy,can_detect,policy
SOC,can_exploit,Authenticated Encryption
AKE,has_a,SOC
IDS,has_a,HTTPS
DAC,has_a,security policy
phishing,can_exploit,APT
IBE,can_detect,CTI
access control,is_part_of,CAM
Tor,is_part_of,DES
Risk Assessment,can_detect,Security Policy
Intrusion Detection,can_exploit,exploit
privacy,has_a,Http
availability,can_exploit,CGA
DES,implements,IBC
cross-site scripting,can_detect,WAF
social engineering,is_part_of,Security Operations and Incident Management
Suricata,uses,IDS
Encryption,can_exploit,Authenticated Encryption
UCON,uses,Control
ransomware,can_exploit,Trojan
NSA,can_detect,Supervisory Control and Data Acquisition
zero trust,is_a,security policy
GDPR,can_detect,policy
accountability,can_detect,IBE
CTF,has_a,OWASP Top 10
PAC,can_detect,MPC
YARA,uses,Protocol
Http,has_a,CAM
authentication,can_exploit,XSS
Output Module,has_a,alerts
PAC,can_detect,exploit
Controller Area Network,has_a,HTTPS
ATC,can_exploit,Suricata
Key Derivation Function,can_detect,Public Key Cryptography
Based Access Control,can_detect,GDPR
MAC,has_a,ISI
Http,uses,HTTPS
AEAD,has_a,access control
IBAC,has_a,ICMP
ATC,uses,MAC
Syslog,is_part_of,rsyslog
PKI,has_a,Http
HAC,uses,hashing
NIST,uses,IISP
Mandatory Access Control,is_part_of,Operating Systems and Virtualisation Security
RBAC,can_exploit,EAP
integrity,uses,Http
RSA,can_exploit,NIST
RSA,implements,DSS
CVE,can_detect,code review
NAT,can_exploit,CGA
NIS,can_detect,PAC
NSS,can_detect,Flux Advanced Security Kernel
Tor,uses,authentication
TPM,can_detect,IBE
CSA,can_detect,FIPS
GDPR,can_detect,Fully Homomorphic Encryption
iptables,has_a,Snort
secure coding,is_part_of,incident response
Tor,uses,non-repudiation
Tor,uses,Intrusion Prevention Systems
Nmap,has_a,responses
privacy,can_detect,HAC
DES,implements,Security Policy
GPG,can_detect,Control
privacy,can_detect,ISF
Tor,uses,Message Authentication Code
penetration testing,uses,Burp Suite
NIST,can_exploit,AES
Tor,uses,MAC
firewall,is_part_of,Network Security
incident response,has_a,key management
return-oriented programming,can_exploit,CMA
Authenticated Encryption with Associated Data,has_a,LAN
Authentication Header,has_a,RSA
Access Control List,is_a,ACL
fail-safe defaults,is_a,security policy
Digital Forensics Research Workshop,has_a,NIS
CBAC,can_exploit,Based Access Control
ESP,can_exploit,CFG
exploit,can_analyze,Vulnerabilities
HTTP,uses,secure boot
Snort,uses,IDS
ransomware,can_exploit,ISI
IDS,is_a,Tor
Public Key Encryption,can_exploit,Decryption
RPC services,has_a,open
Public Key Cryptography,can_exploit,PQC
The Cyber Security Body,has_a,Tor
policy,has_a,Key Value Store
authentication,has_a,ISA
IoT,has_a,Penetration Testing
Snort Rules,has_a,non payload options
AES,implements,ECC
exploit,can_detect,NSA
FAIR,can_detect,SOP
EAP,can_detect,Tor
CFTT,can_exploit,authentication
Protocol,uses,DSS
US,is_part_of,Cyber-Physical Systems Security
CTI,uses,ISI
"Resources
The Open Web Application Security Project",can_detect,Open Web Application Security Project
IPS,can_exploit,Local Area Network
non-repudiation,can_detect,Tor
Http,can_detect,SOC
Protocol,can_exploit,rootkit
DES,uses,race condition
HTTPS,has_a,OWASP
Penetration Testing,can_detect,AKE
Linux machine,uses,log file
NAT,has_a,ICS
POP,has_a,LEA
Internet Key Exchange,can_detect,key management
ACC,has_a,ACL
open port,can_analyze,target host
Http,can_detect,Protocol
NCA,can_detect,NIS
SSL,has_a,Splunk
flooding,can_harm,Host
CHAP,can_detect,Control
PAP,can_detect,PKCS
Data Encryption Standard,has_a,Hellman Integrated Encryption Scheme
SOC,can_exploit,IDPS
NAT,uses,Control
ENISA,can_detect,ECC
connection,can_analyze,FIN packets
TLS,can_exploit,AKE
Encryption,can_detect,least privilege
AKE,is_a,policy
NSA,can_exploit,privacy
Digital Forensics Research Workshop,is_part_of,Cyber-Physical Systems Security
Security Operating Center,can_exploit,SMTP
KEM,uses,Tor
Tor,uses,Security Information and Event Management
SIEM,can_detect,SCADA
Based Cryptography,has_a,HAC
Public Key Cryptography,can_detect,PAP
Sql Injection,can_detect,PAC
DCS,has_a,DMARC
target,has_a,slow
MAC,is_part_of,ISI
Control,can_detect,Extensible Authentication Protocol
DVI,uses,integrity
site,can_expose,security vulnerabilities
IoT,can_exploit,authentication
Tor,is_part_of,Adversarial Behaviours
ISI,is_part_of,access control
OWE,can_detect,CAN
RSA,implements,WPA
SOIM,can_exploit,Tor
ISI,can_detect,Encryption
SOC,uses,DHIES
CCS,can_exploit,privacy
Encryption,can_exploit,Advanced Encryption Standard
SAST,can_detect,CAN
Intrusion Detection System,can_exploit,ICS
Internet Key Exchange,can_exploit,integrity
multi-factor authentication,uses,Multiprotocol Label Switching
XSS,can_exploit,UCON
services,has_a,version
LEA,can_detect,Mandatory Access Control
ASC,has_a,authentication
PPTP,has_a,CTI
Nmap,is_part_of,console
Automatic Gain Control,has_a,ATC
Distributed Systems Security,has_a,ESP
HTTPS,has_a,NCA
ACC,has_a,NAT
Firewall,can_exploit,LEA
services,can_expose,Vulnerabilities
DES,implements,access control
The Cyber Security Body,has_a,ECC
The Cyber Security Body,has_a,DVI
KAS,can_exploit,Trusted Network Connect
AKE,can_detect,CHAP
Public Key Encryption,can_exploit,ACL
DES,implements,ATC
AKE,has_a,Control
Forum of Incident Response and Security Teams,can_detect,access control
ASC,has_a,MAC
"Internet Security
Association and Key Management Protocol",is_part_of,Security Operations and Incident Management
Public Key Encryption,uses,Http
keylogger,can_harm,confidentiality
Extensible Authentication Protocol,is_part_of,"Authentication, Authorisation and Accountability"
ICS,can_exploit,DES
LAN,has_a,Policy
IDS,can_exploit,ABE
"This leads to the notion of
Authenticated Key Exchange",is_part_of,Applied Cryptography
authentication,has_a,Data Encryption Standard
botnet,can_detect,Protocol
KAS,can_detect,SOC
Tor,uses,Public Key Cryptography
CHAP,can_exploit,Encryption
IPS,has_a,IPsec
Nmap,is_part_of,Metasploit
Sql Injection,can_exploit,code injection
CAN,can_detect,SAE
Risk Assessment,is_part_of,Industrial Control Systems
The Cyber Security Body,is_part_of,Tor
Risk Assessment,has_a,SOC
IBE,can_detect,APT
ECC,has_a,HTTPS
KEM,uses,SHA-256
IoT,can_exploit,Intrusion Detection
Supervisory Control and Data Acquisition,can_detect,Supervisor Mode Access Protection
Protocol,has_a,HTTPS
Protocol,can_exploit,networking
Control,is_part_of,incident response
Digital Serial Interface,can_detect,Transport Layer Security
Direct Memory Access,has_a,DES
RAT,has_a,ESP
KAS,has_a,CTI
Nmap,uses,hash function
NAT,is_part_of,ICS
SOC,can_exploit,CAM
DDoS,has_a,Message Authentication Reporting and Conformance
console,can_analyze,information
policy,can_detect,sandboxing
DFRWS,has_a,NSS
NSA,has_a,Tor
SOC,is_part_of,WPA
Public Key Infrastructure,has_a,RBAC
An Oblivious Random Access Memory,can_detect,OWE
ACC,uses,Based Access Control
RSA,implements,NCA
zero trust,can_detect,NIST
Control,uses,policy
rootkit,can_exploit,ICS
"Discretionary
Access Control",is_part_of,Operating Systems and Virtualisation Security
ISI,has_a,policy
IKE,uses,SOC
SOC,has_a,HTTPS
LEA,can_exploit,command injection
IPS,can_detect,PAC
IPS,is_part_of,FIPS
CAN,can_exploit,KVS
Risk Assessment,can_exploit,IDS
configure,can_analyze,Syslog
HAC,has_a,SSL
IRGC,has_a,HTTPS
IoT,uses,Control
ISF,can_exploit,RSA
enumerate,can_analyze,Windows
ISI,uses,SOC
Http,can_exploit,ICS
authorization,has_a,RAT
Kerberos,can_exploit,RSA
Protocol,can_exploit,SOC
DES,implements,hashing
MITM,can_exploit,Control
availability,can_exploit,CCMP
AKE,can_exploit,Encryption
privacy,can_detect,LEA
ISI,uses,Protocol
CHAP,is_part_of,APT
Access Control List,has_a,Control
Direct Memory Access,has_a,HTTP
SOP,has_a,SOC
availability,has_a,policy
PAC,can_exploit,The Cyber Security Body
NCA,has_a,Protocol
anonymity,has_a,ECC
Network Functions Virtualisation,has_a,ICS
ISI,has_a,Fully Homomorphic Encryption
SCN,uses,Industrial Control Systems
IBAC,can_detect,APT
policy,can_detect,IBE
pen tester,can_detect,configuration vulnerabilities
advanced persistent threat,can_exploit,Control
AKE,is_part_of,availability
NSS,can_detect,Protocol
response,can_analyze,ICMP destination unreachable error
replay attack,can_exploit,Encryption
Http,can_detect,Control
SHA-1,implements,hash function
AKE,is_part_of,Control
side-channel attack,can_detect,DES
Key Derivation Function,has_a,NCA
LEA,can_detect,HTTPS
DAC,has_a,ESP
ESP,can_exploit,Cryptographically Generated Address
Risk Assessment,is_part_of,NCSC
Policy,has_a,"Transport Layer Security
The Transport Layer Security"
GCI,can_detect,FIRST
Protocol,is_a,Tor
AKE,has_a,symmetric encryption
Firewall,uses,performance measurements
SOP,uses,DES
privacy,uses,anonymity
threat modeling,has_a,Protocol
Cryptographically Generated Address,can_exploit,CFTT
NIS,can_exploit,The Cyber Security Body
IRGC,has_a,ISAKMP
Control,can_exploit,Supervisory Control and Data Acquisition
Tor,uses,RTP
IPS,can_exploit,National Security Agency
DRM,can_detect,NIS
Internet Protocol,has_a,KAS
Control,can_exploit,Password Authentication Protocol
Http,uses,Public Key Cryptography
Control,can_detect,VXLAN
CHAP,has_a,SOC
SHA-1,implements,PAC
Key Derivation Function,can_detect,RSA
privacy,is_a,SOC
RAT,has_a,Open Web Application Security Project
ACC,can_exploit,access control
IDPS,can_exploit,Tor
KAS,can_exploit,Decryption
XSS,can_detect,Virtual Private Network
The Cyber Security Body,uses,RSA
HSTS,has_a,Control
integrity,has_a,hash function
DVI,can_detect,Enhanced Interior Gateway Routing Protocol
MAC,has_a,Key Derivation Function
Based Access Control,uses,access control
Http,has_a,APT
access control,uses,SAML
Tor,uses,Authenticated Encryption with Associated Data
Encryption,uses,Fully Homomorphic Encryption
Virtual Private Network,has_a,Tor
Protocol,has_a,advanced persistent threat
AKE,has_a,Address Resolution Protocol
Mobile Security Testing Guide,can_detect,RAT
access control,can_exploit,Vulnerability Assessment
Message Authentication Code,can_detect,Encryption
TLS,can_detect,DES
Flux Advanced Security Kernel,can_detect,privacy
DHT,has_a,HTTP
ECC,has_a,authentication
KVS,can_exploit,IPS
sandboxing,can_detect,malware
phishing,can_exploit,Control
ARP,has_a,RARP
RSA,can_exploit,replay attack
authentication,is_part_of,"Authentication, Authorisation and Accountability"
Protocol,can_exploit,Industrial Control Systems
Control,uses,Access Control List
ISI,is_part_of,policy
Hellman Key Exchange,can_exploit,ICS
IDS,can_detect,Supervisor Mode Access Protection
trojan,has_a,Point Protocol
Public Key Encryption,can_detect,Protocol
NIST,has_a,PQC
IRGC,can_detect,DES
National Cyber Security Centre,can_detect,LEA
authentication,uses,Decryption
Metasploit Framework MSF,is_part_of,command-line CLI
HTTPS,can_detect,authentication
Automatic Gain Control,has_a,policy
IDS,can_detect,sandboxing
OAuth,uses,Hyper Text Transfer Protocol Secure
Opportunistic Wireless Encryption,can_exploit,OWE
PAC,can_exploit,Firewall
ESP,has_a,SIEM
NCA,uses,RSA
sessions,can_analyze,legacy systems
Commands,can_analyze,information
Tor,uses,least privilege
SOP,uses,RSA
Protocol,can_detect,Challenge Handshake Authentication Protocol
TLS,can_exploit,replay attack
economy of mechanism,is_a,security policy
SOC,can_exploit,botnet
Physical Systems Security,can_exploit,Tor
LAN,can_exploit,Internet Message Access Protocol
Key Encryption Key,has_a,policy
SOC,has_a,authentication
IBE,has_a,CTI
GnuPG,implements,Encryption
HSM,can_detect,SOC
SOP,is_part_of,Protocol
Control,uses,UCON
DRM,can_detect,ENISA
ABE,has_a,Based Access Control
virus,has_a,Authentication and Key Agreement
Control,uses,SOP
cache poisoning,can_exploit,CAM
The Cyber Security Body,can_detect,Based Access Control
authentication,has_a,LAN
Network Security Knowledge Area,can_exploit,authentication
AES,has_a,advanced persistent threat
command shell,can_detect,backdoor
IBE,has_a,HPC
IPS,can_detect,CSA
Authenticated Encryption,can_detect,LEA
authentication,can_detect,FLASK
Protocol,can_exploit,ABE
DES,implements,"Perform dynamic
analysis security
testing"
The Cyber Security Body,uses,Distributed Systems Security
Public Key Cryptography,can_detect,PAC
SPF,can_exploit,OCSP
msfconsole,has_a,module
Tor,uses,DES
TLS,can_detect,RSA
IDMEF,can_exploit,Intrusion Detection
PGP,can_detect,privacy
DSS,can_detect,DVI
ransomware,can_exploit,denial of service
RADIUS,implements,Level Data Link Control
Status Protocol,can_exploit,symmetric encryption
Intrusion Detection Systems,can_exploit,SCADA
KAS,has_a,APT
Intrusion Detection System,can_exploit,PAC
Control,can_exploit,authentication
NIST,can_exploit,SOIM
code review,is_part_of,Control
MAC,uses,FHE
Encryption,can_detect,Supervisor Mode Access Protection
NAT,can_exploit,IMAP
CSA,has_a,Content Security Policy
MAC,uses,LEA
Local Area Network,can_exploit,ABE
ACL,can_exploit,RSA
PKE,can_detect,PAC
ASC,has_a,key management
Tor,uses,code review
MAC,can_exploit,RAT
NIST,can_exploit,LEA
HAC,has_a,Http
Control,can_exploit,Message Authentication Code
facility,has_a,priority
SSL,can_detect,Control
Trojan,is_part_of,Hardware Security
exploit,can_exploit,PAC
LEA,can_detect,authentication
IMAP,uses,Protocol
Protocol,can_detect,IBE
DES,can_detect,elliptic curve
logged,has_a,/var/log/messages
Control,can_detect,IBE
Encryption,can_exploit,Public Key Encryption
Threat Intelligence,has_a,incident response
LEA,can_detect,non-repudiation
Pointer Authentication Code,can_detect,EAP
Hellman Integrated Encryption Scheme,uses,KDF
DES,can_exploit,ransomware
accountability,uses,authentication
LEA,can_detect,Intrusion Prevention Systems
SE,is_part_of,Human Factors
POP,uses,Hypertext Transfer Protocol
CTI,can_exploit,Trusted Network Connect
Metasploitable 2,has_a,msfadmin/msfadmin
CHAP,uses,integrity
NOP generators,can_analyze,CPU architecture
Trojan,is_part_of,Malware and Attack Technologies
ATC,can_detect,FIRST
Cyber Kill Chain,uses,EAP
availability,can_exploit,IBE
SOC,uses,Identity Based Encryption
FAIR,uses,Cybersecurity Coordination Group
privacy,can_detect,IDS
DES,implements,digital signature
SOC,can_detect,KEM
privacy,can_detect,SOUPS
ARP spoofing,can_exploit,network
Http,can_exploit,policy
Tor,uses,HTTP
operating system,has_a,TCP
accountability,uses,MAC
Splunk,can_analyze,log analysis
SAML,can_exploit,SAE
access control,can_exploit,APT
National Security Agency,can_exploit,OCSP
EAP,can_detect,Key Infrastructure
phishing,can_exploit,social engineering
PAN,can_exploit,PKI
ISF,has_a,Tor
TNC,can_exploit,LEA
Password Authentication Protocol,can_detect,Point Protocol
NCA,has_a,intrusion prevention
HIDS,has_a,Intrusion Detection System
CTI,can_detect,Protocol
Encryption,uses,Identity Based Encryption
authentication,has_a,ISI
HAC,has_a,Based Access Control
AKE,can_exploit,Data Encryption Standard
Protocol,can_detect,PEAP
NSA,can_detect,DES
complete mediation,is_a,security policy
Tor,uses,RSA
LEA,uses,Decryption
Firewall,can_analyze,warning
Control,has_a,DMARC
ISI,uses,digital forensics
threat modeling,has_a,NCSC
HMAC,implements,Encryption
Http,has_a,SOC
Tor,uses,KVS
ISI,uses,NIS
CSA,has_a,CSRF
complete mediation,has_a,economy of mechanism
HTTP,can_detect,HTTPS
CTF,has_a,APT
Penetration Testing,uses,ISI
Http,has_a,Protocol
cross-site request forgery,can_exploit,cross-site scripting
NCA,has_a,NIS
SOC,is_a,IBE
rsyslog,has_a,configures
Metasploit,can_exploit,vulnerability
ABE,can_exploit,Protocol
show targets command,can_analyze,operating systems
AKE,can_detect,access control
AKE,uses,Digital Signature
SSTP,can_exploit,LAN
NIST,can_exploit,HMAC
CAM,is_part_of,Trojan
MAC,has_a,Key Encryption Key
CFRG,can_exploit,Authentication Protocol
OAuth,can_detect,Encryption
Metasploit,is_part_of,console
clickjacking,can_exploit,IBE
NVD,can_exploit,National Security Agency
IPS,has_a,AKE
privacy,can_detect,elliptic curve
ASC,has_a,DES
policy,can_detect,Tor
authentication,can_exploit,fault injection
Encryption,has_a,worm
AKE,uses,integrity
Intrusion Detection Systems IDS,has_a,configure
SOIM,can_exploit,Key Infrastructure
MISP,can_exploit,The Cyber Security Body
reverse engineering,can_detect,APT
Protocol,uses,Distributed Hash Table
SMTP,uses,Schemes like Pretty Good Privacy
Sql Injection,has_a,PAC
virus,can_detect,Control
code injection,can_exploit,Digital Forensics Research Workshop
anonymity,can_exploit,networking
GDPR,can_detect,NICE
show advanced command,has_a,advanced options
Kerberos,implements,Intrusion Prevention System
RAT,has_a,PQC
PPTP,has_a,Protocol
AKE,uses,CTI
ISI,has_a,Encryption
MPC,can_detect,Mobile Security Testing Guide
ATC,has_a,SOC
CTI,can_exploit,Transport layer security
Nmap,has_a,ping
denial of service,can_exploit,Distributed Hash Table
asymmetric encryption,can_exploit,ISA
RSA,can_exploit,botnet
ICS,can_detect,IPS
TLS,uses,digital signature
anonymity,can_exploit,SOIM
Encryption,can_detect,Authenticated Encryption
PAP,can_detect,PEAP
The Cyber Security Body,has_a,DHT
ATC,has_a,Protocol
KAS,can_exploit,policy
asymmetric encryption,uses,Tor
non-repudiation,uses,SMTP
IBE,can_detect,Control
MAC,can_exploit,Message Authentication Code
security policy,has_a,ESP
detection threshold setup,can_detect,attack scenarios
Extensible Authentication Protocol,can_detect,ECC
elliptic curve,implements,IBE
TLS,has_a,SSL
OCSP,can_exploit,Opportunistic Wireless Encryption
Extensible Authentication Protocol,can_detect,DVI
CHAP,uses,Simple Mail Transfer Protocol
tools,is_part_of,ping
IPS,uses,authentication
PAC,can_detect,access control
AKE,has_a,CHAP
iptables,is_part_of,Snort
ACC,has_a,cloud security
AKE,can_exploit,CAN
NIST,can_exploit,ISA
NDP,can_detect,access control
Public Key Cryptography,has_a,CAM
exploit,can_analyze,targets
response,is_part_of,Nmap
Tor,uses,"Resources
The Open Web Application Security Project"
malware analysis,can_exploit,ISI
Message Authentication Code,can_detect,NSS
NIST,uses,Tor
Open Web Application Security Project,can_exploit,OCSP
TPM,can_exploit,KAS
send,has_a,response
Nmap,uses,scans
Tor,has_a,Kerberos
tools,has_a,testing
The Cyber Security Body,uses,AKE
SOC,is_part_of,Security Operations and Incident Management
botnet,has_a,Protocol
DNSSEC,can_exploit,Security Extensions
RSA,implements,Hellman Key Exchange
payload options,can_analyze,Data
SOIM,can_exploit,anonymity
Security and Privacy,uses,PAC
anonymity,can_exploit,SOC
Hellman Integrated Encryption Scheme,has_a,denial of service
KAS,has_a,Protocol
IPS,is_a,NSA
US,is_part_of,Distributed Systems Security
Multiprotocol Label Switching,uses,Protocol
access control,can_exploit,SOIM
access control,can_exploit,MITM
SCADA,can_exploit,Protocol
DES,implements,Message Authentication Reporting and Conformance
integrity,has_a,SOC
Microsoft Security Development Lifecycle,has_a,BSIMM
anonymity,can_exploit,Protocol
HTTP,has_a,CAN
FAIR,has_a,LEA
The Cyber Security Body,can_exploit,ISA
Vulnerability Assessment,can_exploit,Access Point
IPsec,can_detect,Encryption
threat modeling,is_part_of,NCSC
integrity,has_a,Protocol
Http,is_part_of,SOC
CAN,has_a,CTI
CTI,is_part_of,IBE
LEA,can_exploit,Tor
Chosen Message Attack,can_exploit,RAT
PQC,has_a,CTI
Http,is_part_of,Protocol
PAC,can_exploit,OWASP
ICS,is_part_of,"Perform static analysis
security testing"
network segmentation,is_part_of,Network Security
Industrial Control Systems,uses,Programmable Logic Controller
supply chain attack,can_harm,integrity
Intrusion Detection System,has_a,Strict Transport Security
Tor,uses,POP
Mobile Security Testing Guide,is_part_of,Web and Mobile Security
ESP,has_a,KEK
access control,can_exploit,SOC
Intrusion Detection System,has_a,accountability
IPS,is_part_of,AKE
Hellman Integrated Encryption Scheme,uses,NCA
ASC,is_part_of,DES
Penetration Testing,can_exploit,privacy
availability,can_detect,worm
AKE,uses,hash function
DES,implements,KDF
access control,can_exploit,Protocol
DES,implements,Shared Key
DES,implements,DSS
policy,can_exploit,code review
SSL,has_a,Protocol
DSA,can_detect,Enhanced Interior Gateway Routing Protocol
ACL,has_a,Tor
return-oriented programming,can_exploit,policy
APT,has_a,MAC
Metasploit,uses,computer security
RAT,can_exploit,Protocol
ATC,uses,NIST
authentication,uses,PAC
SOC,has_a,key management
RAT,can_exploit,CSP
NIS,can_detect,MPC
scan,can_analyze,Server
AGC,has_a,Authentication Header
POP,uses,Encryption
AES,implements,Http
botnet,can_detect,DDoS
Network,can_expose,Forge
NSA,is_a,blockchain
exploit,can_exploit,LEA
MAC,can_exploit,worm
SOC,has_a,Authenticated Encryption with Associated Data
Encryption,can_exploit,SSL
Public Key Cryptography,can_detect,Protocol
Distributed Hash Table,has_a,integrity
Shared Key,can_exploit,Protocol
Supervisory Control and Data Acquisition,uses,ISI
NDP,has_a,Protocol
TLS,can_detect,AKE
inline,is_part_of,IDSs
version,can_analyze,operating system
Protocol,can_detect,Tor
NSA,can_detect,privacy
Protocol,can_exploit,Lightweight Application Security Process
Tcpdump,uses,ICS
cross-site request forgery,can_exploit,clickjacking
Password Authentication Protocol,can_detect,Protected Extensible Authentication Protocol
HAC,is_part_of,Adversarial Behaviours
ESP,can_detect,DRM
RARP,has_a,ISA
Http,has_a,NCSC
TLS,can_detect,zero trust
IPS,can_detect,Control
HPC,has_a,HIPAA
AKE,uses,SQUARE
OAuth,uses,secure boot
Kali Linux,has_a,rolling edition
ISI,can_exploit,CCS
CTI,has_a,APT
Output Module,is_part_of,Snort
open design,is_a,Security Policy
Snort,uses,Intrusion Detection
LAN,can_detect,EAP
MAC,can_detect,NCA
NTP,can_exploit,OWASP
LEA,has_a,QKD
CTI,can_detect,NIS
Computer Forensic Tool Testing,can_exploit,policy
Protocol,can_exploit,Border Gateway Protocol
IPS,can_detect,intrusion prevention
SMTP,can_detect,RSA
Control,uses,PLC
IDS,uses,Intrusion Detection
RSA,implements,RAT
CSRF,has_a,Security Policy
privacy,uses,Status Protocol
DHT,uses,Distributed Hash Table
LEA,uses,policy
IPS,can_exploit,ACL
Attacker,uses,RESET RST
policy,uses,authentication
Internet Protocol,has_a,Internet Key Exchange
HTTPS,can_detect,DES
"Workshop on the
Economics of Information Security",is_part_of,Cyber-Physical Systems Security
Chosen Message Attack,can_exploit,authentication
Risk Assessment,uses,SOC
policy,can_exploit,Security Operating Center
CFTT,can_exploit,Challenge Handshake Authentication Protocol
DES,is_part_of,AES
Protocol,uses,HTTPS
OWE,can_exploit,ESP
exploits,can_detect,hack
man-in-the-middle,can_exploit,Local Area Network
Tor,uses,TPM
SIEM,uses,integrity
SOC,is_a,Tor
port scanner,has_a,connection
PAC,uses,single sign-on
Tor,uses,AKE
disaster recovery,can_exploit,Control
DES,implements,IDXP
SCADA,can_detect,SAE
Public Key Encryption,has_a,SOC
Encryption,can_detect,PAP
Based Access Control,can_exploit,Common Criteria
symmetric encryption,can_detect,Message Authentication Code
Http,uses,POP
TLS,has_a,Http
anonymity,can_exploit,SENT
SSL,is_part_of,SOC
access control,uses,Tor
authentication,can_detect,KDF
Sql Injection,can_detect,exploit
NFV,can_detect,Neighbor Discovery Protocol
key management,has_a,NIST
IM,is_part_of,Adversarial Behaviours
NICE,can_detect,NCA
NSA,can_exploit,hash function
SHA-1,implements,Control
"Wiki
The Open Web Application Security Project",has_a,NAT
intrusion prevention,has_a,NAT
ECC,uses,elliptic curve
AEAD,can_detect,Authenticated Encryption with Associated Data
LEA,can_exploit,TLS
ICS,can_exploit,Splunk
DES,implements,OWASP
ICS,can_detect,Neighbor Discovery Protocol
encryption,can_exploit,MAC
Authentication and Key Agreement,has_a,RAT
VPN,uses,Encryption
authentication,has_a,Key Derivation Function
Common Criteria,can_exploit,Protocol
CSP,can_exploit,CTI
Control,can_exploit,DES
access control,has_a,TISSEC
Content Security Policy,is_part_of,Risk Management and Governance
NSE,has_a,scripts
Protocol,has_a,RSA
exploit,can_analyze,ie_execcommand_ua
privacy,has_a,ICS
CAN,can_detect,NCSC
Nmap,uses,network discovery
Firewall,is_part_of,Snort
RAT,has_a,Resource Public Key Infrastructure
Encryption,has_a,IBAC
Trusted Network Connect,has_a,NCA
The Cyber Security Body,has_a,Based Access Control
key management,can_detect,SOC
NTP,can_detect,denial of service
CAM,can_exploit,Based Access Control
SOC,can_exploit,Industrial Control Systems
Hypertext Transfer Protocol,uses,IBE
MAC,has_a,AEAD
access control,can_exploit,SENT
TKIP,can_exploit,LAN
tool,can_analyze,IP packets
integrity,uses,Decryption
policy,is_part_of,IBE
"Perform static analysis
security testing",is_part_of,LEA
ISA,uses,NAT
MAC,can_detect,Tor
HTTP,has_a,ISI
authorization,has_a,RSA
Http,is_part_of,Control
high UDP ports,can_analyze,hidden RPC services
Http,is_part_of,NCSC
POP,can_exploit,Distributed Hash Table
OAuth,implements,authorization
RAT,can_detect,Transport layer security
RAT,uses,Policy
The Cyber Security Body,uses,National Cyber Security Centre
Internet Key Exchange,is_part_of,Applied Cryptography
return-oriented programming,can_exploit,SOP
BYOD,can_detect,Control
Nmap,has_a,open source
Encryption,can_exploit,Industrial Control Systems
HIPAA,can_exploit,High Performance Controller
SDN,uses,Control
ESP,has_a,DES
incident response,is_part_of,SDL
firewalls,has_a,statefully
Control,can_detect,integrity
reverse engineering,uses,Ghidra
Common Criteria,can_detect,DES
exploit,can_exploit,phishing
Digital Signature,has_a,Protocol
ECC,can_detect,TLS
GDPR,can_detect,ISI
Distributed Systems Security,can_exploit,digital forensics
Challenge Handshake Authentication Protocol,can_exploit,Tor
Protocol,can_detect,TLS
integrity,has_a,digital forensics
DHT,can_detect,APT
IDS,has_a,IBE
ISI,has_a,Based Encryption
OWE,can_detect,PPP
policy,can_exploit,cross-site scripting
SMTP,can_exploit,ESP
Security Operating Center,can_exploit,Policy
malware analysis,can_exploit,MAC
UCON,can_exploit,Tor
Simple Mail Transfer Protocol,can_exploit,Key Infrastructure
"Perform static analysis
security testing",is_part_of,Software Security
DCS,can_exploit,Vulnerability Assessment
Encryption,has_a,RSA
DOS,is_part_of,floods
networking,has_a,Tor
DES,can_detect,dictionary attack
IoT,can_exploit,AKE
policy,can_exploit,POP
response,can_analyze,ICMP Port Unreachable message
RSA,implements,Message Authentication Code
OWASP,can_exploit,access control
Hellman Key Exchange,can_exploit,LEA
IoT,can_exploit,IBE
SOC,can_exploit,ABE
business continuity,can_detect,NIST
LEA,has_a,MAC
IBAC,has_a,Protocol
LEA,can_detect,HTTP
NICE,can_detect,Tor
incident response,can_detect,Control
The Cyber Security Body,can_exploit,Intrusion Detection System
"Hardware
Security Module",has_a,This forms the basic idea behind the Public Key Cryptography Standards
kernel,uses,messages
hash function,is_a,Protocol
authorization,has_a,ASC
side-channel attack,can_harm,availability
ICS,can_detect,accountability
KEM,uses,Key Encapsulation Mechanism
NIST,is_a,APT
incident response,is_part_of,ICS
Public Key Encryption,is_part_of,Protocol
SAML,can_exploit,Protocol
CTI,has_a,Protocol
LEA,can_detect,RSA
LEA,has_a,economy of mechanism
LAN,can_exploit,ISA
Protocol,uses,authentication
authentication,uses,LEA
worm,can_detect,WAF
Web and Mobile Security,is_part_of,Infrastructure Security
authentication,can_exploit,CDA
ICS,has_a,Tor
DCS,has_a,Distributed Hash Table
exploit,can_exploit,Software Security Knowledge Area
IBE,is_part_of,Protocol
Authentication and Key Agreement,has_a,authentication
RAT,can_detect,ICS
MD5,can_exploit,HMAC
IBC,has_a,DES
RTP,has_a,Based Access Control
Data Encryption Standard,uses,DES
NSA,has_a,Http
authentication,can_exploit,CFRG
integrity,uses,ACL
Fully Homomorphic Encryption,can_detect,access control
KDF,is_a,AES
Nmap,has_a,default
MPLS,can_detect,MSTG
TLS,can_exploit,SOC
privacy,is_part_of,Privacy and Online Rights
ransomware,has_a,ISF
Physical Systems Security,can_detect,AKE
PAP,can_detect,TLS
NDP,uses,PKI
Control,has_a,Policy
Http,can_exploit,phishing
integrity,is_part_of,availability
RSA,is_a,Tor
encryption,can_detect,The Cyber Security Body
MSTG,can_detect,CAN
accountability,can_detect,Http
policy,can_exploit,Chosen Message Attack
NIST,can_detect,policy
target,has_a,FTP
Key Derivation Function,has_a,MAC
Sql Injection,is_part_of,Software Security
Protocol,has_a,cross-site scripting
integrity,has_a,symmetric encryption
AKE,uses,SOC
policy,has_a,Tor
AEAD,can_detect,RSA
SAE,can_detect,SIEM
SIEM,can_exploit,side-channel attack
PKI,can_detect,Control
ICS,has_a,Authentication Header
HTTPS,has_a,encryption
IPS,uses,DES
virus,has_a,Control
Open Web Application Security Project,uses,CLASP
ESP,can_detect,OWE
access control,can_detect,PAC
encryption,has_a,Direct Memory Access
Detection Engine,has_a,rules
Enhanced Interior Gateway Routing Protocol,can_detect,PEAP
Control,can_detect,Public Key Encryption
CGA,can_exploit,CLASP
SOC,can_detect,PAP
UCON,uses,policy
KEK,has_a,NIS
privacy,can_detect,WEP
The Cyber Security Body,has_a,DES
RPKI,has_a,RSA
Security Assertion Markup Language,can_detect,SCN
RADIUS,has_a,APT
Http,can_exploit,IDS
integrity,is_part_of,digital forensics
TLS,has_a,DES
Tor,uses,SDL
SOC,has_a,Public Key Infrastructure
Software Security Knowledge Area,uses,Tor
Tor,uses,Advanced Encryption Standard
elliptic curve,implements,TLS
rsyslog,can_analyze,errors
PGP,can_detect,CTI
Key Infrastructure,can_detect,accountability
Simple Mail Transfer Protocol,can_exploit,authentication
IDS,can_exploit,ICS
RPKI,has_a,RBAC
anonymity,can_exploit,Intrusion Detection System
FHE,can_detect,encryption
RAT,can_exploit,symmetric encryption
Common Criteria,can_exploit,Control
TPM,can_detect,KEK
DES,implements,HSM
Tor,uses,National Cyber Security Centre
iptables,has_a,Firewall
RSA,implements,Public Key Cryptography
Public Key Infrastructure,has_a,Public Key Encryption
Network,has_a,packet flow
ATC,has_a,Resolution Protocol
ACC,can_exploit,intrusion detection
Metasploit framework,can_analyze,vulnerability
MAC,can_exploit,RSA
BGP,is_part_of,network security
Sql Injection,has_a,Control
RSA,implements,open design
policy,has_a,backdoor
integrity,can_exploit,ISI
scan,can_detect,intrusive
MAC,can_detect,WAF
DRM,can_detect,access control
DES,implements,Hardware Security Knowledge Area
intrusion detection,can_exploit,DES
intrusion detection,has_a,NIST
Hellman Key Exchange,uses,Tor
DES,can_detect,ransomware
Tor,uses,PAP
severity,can_analyze,remote server
ISI,can_detect,denial of service
ATC,can_exploit,IDS
Flux Advanced Security Kernel,can_detect,PAC
access control,has_a,High Performance Controller
LEA,can_exploit,ESP
Control,has_a,Network Time Protocol
elliptic curve,can_exploit,Tor
Nmap,can_analyze,vuln
SAE,can_detect,authentication
Protocol,can_exploit,Trusted Network Connect
access control,can_exploit,Intrusion Detection System
exploit,can_detect,HAC
Nmap,has_a,reverse-DNS resolution
Software Security Knowledge Area,can_detect,AKE
Password Authentication Protocol,can_detect,Key Infrastructure
policy,has_a,ECC
authentication,can_exploit,Message Authentication Code
NDP,has_a,Address Resolution Protocol
authentication,can_exploit,MAC
SOC,uses,CSCG
access control,can_detect,APT
protect,can_analyze,server node
Protocol,uses,Public Key Cryptography
OWE,can_exploit,encryption
code injection,can_exploit,policy
SDN,can_detect,ISI
Vulnerability Assessment,can_exploit,Tor
CTI,has_a,SENT
IPS,can_exploit,SOP
RAT,can_detect,PGP
IKE,can_exploit,IBE
GCI,can_detect,FLASK
IoT,can_detect,NTP
Information Systems Security Professional,uses,IPS
SOC,can_detect,security awareness
hashing,has_a,botnet
NICE,can_exploit,RSA
IoT,can_exploit,IDPS
DVI,has_a,Encryption
policy,is_part_of,Tor
Intrusion Prevention Systems,can_detect,ICS
ACC,has_a,DDoS
GPG,can_detect,Fully Homomorphic Encryption
Tor,uses,CAM
Network Address Translation,can_detect,Neighbor Discovery Protocol
msfconsole,is_part_of,Metasploit
PAC,can_detect,DSS
Http,has_a,CMA
Control,uses,"Open Web
Application Security Project"
AKE,can_exploit,ransomware
ESP,can_exploit,Security Quality Requirements Engineering
CNS,can_detect,DES
Control,uses,ISI
HSM,has_a,HMAC
NSA,can_exploit,Protocol
Intrusion Detection System,has_a,Level Data Link Control
Nmap,can_analyze,raw packet
secure boot,is_part_of,Hardware Security
key management,has_a,Tor
DES,can_detect,denial of service
RBAC,can_exploit,Protocol
KEM,can_detect,Industrial Control Systems
Key Derivation Function,can_detect,PKI
modules,is_part_of,plugins
IDS,has_a,Tor
PST,has_a,CTI
SOC,can_detect,AES
authentication,can_exploit,DHKE
Penetration Testing,can_detect,Control
NIST,has_a,Decryption
VPN,can_detect,CTI
SSL,uses,policy
The Cyber Security Body,has_a,ASC
Control,has_a,Tor
ISI,is_a,Risk Assessment
availability,uses,LEA
least privilege,is_a,Security Policy
CSRF,has_a,The Cyber Security Body
IPS,can_detect,CHAP
economy of mechanism,has_a,fail-safe defaults
Simple Mail Transfer Protocol,can_exploit,worm
LEA,can_detect,NIST
ESP,is_part_of,Adversarial Behaviours
KEM,has_a,Public Key Encryption
Hellman Key Exchange,uses,ECC
Firewall,is_part_of,Snort IDS
networking,can_exploit,APT
Authentication Protocol,can_exploit,CTI
RSA,implements,RTP
Based Encryption,has_a,integrity
RBAC,uses,NIST
NSA,has_a,DES
IBAC,has_a,NIS
access control,can_exploit,Border Gateway Protocol
Encryption,has_a,SAST
Http,uses,National Cyber Security Centre
Tor,uses,security awareness
SAE,can_detect,Security Information and Event Management
TLS,can_exploit,Control
Key Infrastructure,can_exploit,PKI
ABAC,is_a,access control
"Resources
The Open Web Application Security Project",can_detect,reverse engineering
Transport layer security,can_detect,ICS
IDS,can_exploit,Internet Message Access Protocol
ASC,uses,authentication
OWASP,can_exploit,The Cyber Security Body
session,can_analyze,Metasploitable 2
Protocol,can_exploit,Transport layer security
NIST,has_a,ICS
Decryption,can_detect,APT
Public Key Cryptography,uses,POP
authentication,uses,Software Security Knowledge Area
Control,can_detect,HDLC
MAC,has_a,NCA
Multiprotocol Label Switching,can_detect,NICE
PKI,has_a,HAC
CTI,has_a,NIS
hash function,uses,ECC
Based Access Control,has_a,Resource Public Key Infrastructure
RESET,can_analyze,interfaces
setup configurations,can_analyze,file
Distributed Systems Security,uses,RAT
AKE,can_detect,OWASP
MAC,can_exploit,cross-site scripting
Control,can_exploit,TPM
single sign-on,can_exploit,hashing
Challenge Handshake Authentication Protocol,can_detect,EAP
disaster recovery,can_exploit,code injection
Control,can_exploit,AKE
PKE,uses,DES
digital forensics,can_exploit,SAST
Key Infrastructure,can_exploit,separation of duties
authentication,can_exploit,worm
Authentication Header,has_a,Protocol
SOP,uses,PKI
live hosts,has_a,open ports
HTTPS,has_a,DES
symmetric encryption,has_a,authentication
networking,can_detect,SCADA
IPS,uses,privacy
ICS,can_exploit,APT
access control,can_detect,networking
Public Key Encryption,can_exploit,ISI
ISI,can_exploit,backdoor
DES,has_a,HIPAA
encryption,can_detect,Authentication Protocol
encryption,can_detect,DSS
NCA,uses,hash function
HAC,can_detect,SOC
Enhanced Interior Gateway Routing Protocol,can_detect,Tor
Nmap scripts,has_a,default
availability,can_exploit,anonymity
SAML,can_detect,POP
NCA,can_detect,Multiprotocol Label Switching
The Cyber Security Body,can_detect,ICS
CAN,can_detect,SCADA
Protocol,uses,RTP
PKCS,can_exploit,MAC
DMA,has_a,HTTPS
dictionary attack,can_detect,AKE
Tor,uses,CTI
HTTPS,has_a,IBAC
penetration testing,uses,Metasploit
TLS,can_exploit,accountability
Service,has_a,access
ACC,is_part_of,"Authentication, Authorisation and Accountability"
port scanned,can_detect,buffer overflow exploit
Protocol,uses,key management
Protocol,can_exploit,Decryption
AKE,has_a,The Cyber Security Body
fragmentation assembly timeouts,can_analyze,platforms
Http,uses,CAM
CHAP,can_detect,OWE
DNSSEC,has_a,digital forensics
ACL,can_exploit,Vulnerability Assessment
ISA,can_exploit,RAT
Pointer Authentication Code,can_detect,PKI
symmetric encryption,can_detect,RSA
anonymity,is_a,SOC
PAC,can_detect,OWASP
availability,can_exploit,DHT
availability,can_exploit,CFTT
HPC,has_a,Intrusion Detection
APT,can_detect,botnet
SOC,uses,HTTPS
blocking,can_analyze,ACK packets
SAE,can_exploit,Tor
deny-by-default,is_part_of,Firewall
HTTPS,has_a,HTTP
PKI,can_detect,Programmable Logic Controller
SAML,can_detect,Supervisor Mode Access Protection
ransomware,is_part_of,Malware and Attack Technologies
MAC,can_detect,ESP
PKCS,can_detect,PEAP
Data Encryption Standard,has_a,DCS
access control,can_detect,SOC
MAC,can_exploit,NIST
Remote Access Trojan,has_a,Protocol
CFRG,can_exploit,RAT
phishing,has_a,PAP
Security Policy,is_part_of,Web and Mobile Security
Firewall,is_part_of,Intrusion Prevention Systems IPS
ACK scan,can_analyze,TCP packets
Metasploit,can_analyze,Armitage
access control,can_detect,Protocol
TLS,can_detect,PAC
SAML,uses,Tor
Encryption,uses,HTTPS
Chosen Message Attack,can_exploit,Security Operating Center
TLS,is_a,Public Key Encryption
DSS,has_a,SSL
Network,uses,information
availability,is_part_of,ISI
cloud security,has_a,CSA
Industrial Control Systems,can_exploit,Tor
NIS,can_exploit,RAT
hashing,can_exploit,LEA
SQUARE,can_exploit,return-oriented programming
Global Cybersecurity Index,can_detect,ACC
SENT,can_exploit,Intrusion Detection System
IPsec,is_part_of,Network Security
HTTPS,can_exploit,Http
NAT,can_detect,NIST
IDS,uses,Product evaluation
unified2,is_part_of,Snort
SOC,uses,RAT
IBE,has_a,Border Gateway Protocol
Security and Privacy,can_exploit,DIMVA
Protocol,can_exploit,reverse engineering
NAT,uses,UCON
exploit,can_detect,LEA
Tor,uses,OCSP
ATC,can_detect,CVE
portmapper,has_a,Port
NSA,can_detect,CTI
HTTP,is_part_of,Applied Cryptography
ATC,has_a,ARP
Flux Advanced Security Kernel,can_detect,FHE
Tor,uses,Vulnerability Assessment
Cyber Kill Chain,uses,PAC
integrity,can_exploit,authentication
NIST,can_detect,Encryption
Global Cybersecurity Index,can_detect,PAC
IoT,has_a,SIEM
ISI,can_exploit,Distributed Hash Table
authentication,has_a,SAML
Proceedings of the Symposium On Usable Privacy and Security,is_part_of,Privacy and Online Rights
NCSC,can_detect,authentication
advanced persistent threat,has_a,LEA
negatives,is_part_of,IDS
Penetration Testing,is_part_of,Secure Software Lifecycle
Tor,uses,PKI
Enhanced Interior Gateway Routing Protocol,can_detect,ECC
firewalls,has_a,secure
Risk Assessment,is_part_of,policy
CAN,has_a,accountability
NSA,can_exploit,availability
RSA,can_detect,AES
FIPS,is_part_of,Network Security
MAC,can_exploit,AKE
Snort,can_analyze,Packet
RTP,has_a,Public Key Infrastructure
ransomware,can_detect,ISI
ISF,has_a,key management
Hping3,is_part_of,MSF Metasploit framework
PLC,can_exploit,privacy
IMAP,can_exploit,Tor
Fully Homomorphic Encryption,can_detect,Global Cybersecurity Index
NIST,uses,Http
PAC,has_a,PPP
blockchain,is_a,Key Value Store
AKE,can_exploit,CGA
Mandatory Access Control,can_exploit,authentication
SOC,can_exploit,CMA
DES,implements,BSIMM
MPC,can_detect,NDP
ASC,has_a,CTI
CTI,can_exploit,ISA
elliptic curve,can_detect,RSA
ICS,has_a,ESP
IPS,uses,AKE
authentication,uses,OAuth
monitoring,has_a,console
NIST,can_exploit,Security Policy
IoT,can_detect,DES
Control,has_a,Automatic Gain Control
Hellman Key Exchange,has_a,DAST
Encryption,can_exploit,CMA
The Cyber Security Body,can_detect,NAT
LEA,has_a,RSA
DVI,can_detect,RAT
incident response,has_a,SOC
PKE,has_a,Control
access control,has_a,ICS
privacy,has_a,LEA
Security Information and Event Management,can_detect,Networking
UCON,can_exploit,anonymity
business continuity,is_part_of,Risk Assessment
PAC,can_exploit,authentication
RSA,implements,RBAC
RAT,has_a,ICS
Computer Forensic Tool Testing,uses,integrity
High Performance Controller,has_a,MAC
reverse engineering,can_detect,CHAP
NDP,can_exploit,authentication
DMA,has_a,authentication
NSA,has_a,privacy
IoT,has_a,GDPR
logging,can_analyze,Linux
RSA,implements,EAP
symmetric encryption,can_exploit,OEA
DES,implements,HTTPS
Control,can_detect,PCI DSS
incident response,has_a,cloud security
HMAC,implements,Intrusion Detection
Security Policy,can_detect,Content Security Policy
botnet,can_exploit,Trojan
ECDSA,has_a,SAST
SOC,can_detect,APT
NIST,uses,PQC
integrity,can_exploit,Transport Layer Security
IDS,can_detect,Industrial Control Systems
ISAKMP,has_a,SOC
PAC,can_exploit,MAC
Wired Equivalent Privacy,can_detect,Virtual Private Network
Fi Protected Access,can_detect,WAF
Computer Forensic Tool Testing,can_exploit,Based Encryption
Authentication Header,has_a,Control
Code Protocol,can_exploit,BGP
encryption,has_a,The Cyber Security Body
policy,uses,POP
NIST,has_a,policy
WEP,can_detect,access control
Public Key Cryptography,can_exploit,LEA
Common Criteria,uses,Mobile Security Testing Guide
ATC,uses,APT
SIEM,can_detect,incident response
ACL,has_a,Http
integrity,uses,LEA
OWASP,has_a,APT
rsyslog,can_analyze,machine
AKE,can_detect,Protected Extensible Authentication Protocol
slow down,can_analyze,DNS proxying
integrity,can_exploit,denial of service
ACC,uses,APT
Digital Serial Interface,can_exploit,Distributed Systems Security
anonymity,can_detect,LEA
Security Policy,can_exploit,Protocol
FHE,uses,Fully Homomorphic Encryption
Metasploit,has_a,Commands
Network Security Knowledge Area,can_detect,Http
APT,has_a,AKE
SOP,can_exploit,ransomware
ISI,can_exploit,Hellman Key Exchange
LEA,uses,CAN
PGP,can_detect,Protocol
SOC,can_exploit,Sender Policy Framework
DHT,has_a,networking
Protocol,has_a,CAM
QKD,has_a,PAC
IoT,can_exploit,Security and Privacy
policy,can_exploit,SAE
HTTPS,is_part_of,Applied Cryptography
DES,can_exploit,Tor
CAN,can_exploit,man-in-the-middle
Control,can_detect,Http
APT,has_a,Discretionary Access Control
authentication,uses,multi-factor authentication
memory forensics,is_part_of,digital forensics
networking,uses,IBE
hashing,uses,Tor
ports,can_analyze,gateway
IDXP,can_exploit,IDMEF
exploit,can_detect,ISA
Common Criteria,can_exploit,CHAP
LEA,has_a,blockchain
CHAP,can_detect,Encryption
authentication,can_exploit,DES
respond,can_analyze,RST packet
HSM,has_a,Intrusion Detection System
Protocol,can_detect,Neighbor Discovery Protocol
multi-factor authentication,is_part_of,Tor
firewall,can_detect,WPA
AKE,has_a,Shared Key
ICS,is_part_of,ESP
DSS,has_a,Http
digital forensics,can_exploit,ICS
Guide to attribute based access control,is_part_of,Operating Systems and Virtualisation Security
Network,has_a,IDS
command line,has_a,exploit
ISI,uses,policy
ABE,has_a,ACC
program,has_a,name
ICS,has_a,non-repudiation
The Cyber Security Body,can_detect,ACC
CTI,can_detect,access control
Software Security Knowledge Area,can_detect,integrity
pen tester,can_analyze,iptables
SAST,can_detect,Supervisory control and data acquisition
system,can_expose,weakness
SOC,has_a,ASONAM
code review,is_part_of,The Cyber Security Body
RAT,is_part_of,ICS
IoT,can_exploit,Common Criteria
ISI,can_detect,SMAP
SENT,has_a,KEM
access control,uses,Public Key Cryptography
Hellman Key Exchange,has_a,Security Extensions
Automatic Gain Control,has_a,advanced persistent threat
authentication,can_detect,HTTPS
CTI,can_detect,SDN
Authentication and Key Agreement,has_a,Access Point
RSA,implements,POP
Kerberos,implements,KAS
SOC,can_detect,networking
DSKS,can_detect,Extensible Authentication Protocol
DMARC,has_a,DMA
Public Key Encryption,is_a,Encryption
AKA,has_a,virus
Operating System,has_a,ports
NCA,uses,SOC
CSA,can_detect,Control
The Cyber Security Body,can_exploit,access control
POP,can_detect,Tor
Firewall,can_analyze,logs
Encryption,can_detect,ABE
policy,can_exploit,botnet
Digital forensics,has_a,Distributed Hash Table
RBAC,is_part_of,Http
SOC,can_detect,SOIM
encryption,is_part_of,The Cyber Security Body
access control,uses,Http
DES,implements,IDMEF
NIST,is_part_of,policy
PKI,can_exploit,OWE
PAN,can_detect,PKI
NIST,uses,KAS
Protocol,has_a,integrity
Content Security Policy,has_a,The Cyber Security Body
policy,uses,IBE
Shared Key,uses,Public Key Cryptography
SSL,can_exploit,OpenSSL
SOC,has_a,security awareness
DES,implements,authentication
authentication,can_exploit,RSA
ASC,can_detect,Control
exploit,can_detect,Software Security Knowledge Area
ESP,can_detect,CAN
LEA,can_exploit,NSA
authentication,can_detect,Password Authentication Protocol
DES,implements,non-repudiation
CVE,can_detect,FIRST
IDMEF,can_exploit,integrity
Security Quality Requirements Engineering,can_exploit,Key Infrastructure
MPC,has_a,Based Access Control
LEA,uses,Sql Injection
access control,can_exploit,Security Policy
hash function,can_detect,SOC
Protocol,has_a,CTI
LAN,is_part_of,SAST
Firewall,has_a,policy
privacy,uses,NAT
DES,implements,Message Authentication Code
authentication,can_exploit,RBAC
TLS,can_detect,SOC
IDS,can_exploit,LEA
Border Gateway Protocol,can_exploit,authentication
PST,has_a,Protocol
CTI,has_a,CHAP
APT,can_detect,Open Web Application Security Project
DES,implements,MAC
ISI,is_a,Tor
authentication,can_exploit,EAP
Digital Signature,can_exploit,MAC
ISI,can_detect,Risk Assessment
TLS,can_detect,Protocol
Penetration Testing,uses,Burp Suite
CAN,can_exploit,availability
Risk Assessment,can_exploit,NIST
HTTPS,uses,ISI
Penetration Testing,can_detect,CHAP
HTTPS,can_detect,CTI
RSA,can_detect,APT
IPS,can_exploit,incident response
Tor,uses,networking
IoT,can_detect,privacy
ASC,has_a,APT
incident response,has_a,Control
Resolution Protocol,has_a,RSA
SOC,can_detect,Protocol
DES,implements,economy of mechanism
LEA,can_exploit,Status Protocol
DCS,uses,Tor
RSA,implements,Chosen Message Attack
ACL,can_exploit,Protocol
IDS,can_exploit,Encryption
denial of service,can_exploit,POP
module,can_analyze,Network
Control,has_a,Controller Area Network
Tor,uses,SOIM
IPS,can_exploit,CAN
ATC,uses,SOC
authentication,has_a,Policy
client VM,has_a,Nmap
access control,has_a,policy
SOC,is_part_of,POP
NAT,has_a,CTF
IDS,has_a,HDLC
NSS,has_a,Security Extensions
iptables,is_part_of,Firewall
Message Authentication Reporting and Conformance,has_a,DFRWS
ACL,is_part_of,RSA
Point Protocol,can_exploit,EAP
CLASP,can_exploit,CTI
networking,can_detect,ICS
Control,has_a,HDLC
CVSS,has_a,Tor
Control,can_detect,NSA
Public Key Encryption,uses,Protocol
Global Cybersecurity Index,can_detect,GCI
Protocol,has_a,botnet
RBAC,can_detect,policy
Protocol,uses,Supervisor Mode Access Protection
PAC,has_a,authorization
session hijacking,has_a,Control
National Cyber Security Centre,uses,security awareness
Metasploit,is_part_of,Nmap
CAN,can_exploit,NIS
HDLC,can_exploit,Challenge Handshake Authentication Protocol
scan,can_analyze,connected devices
LEA,can_exploit,Local Area Network
anonymity,can_exploit,access control
Hellman Key Exchange,has_a,ICS
Direct Memory Access,has_a,Control
HIDS,is_part_of,network security
denial of service,has_a,DNSSEC
LEA,is_part_of,Risk Assessment
EAP,can_exploit,SOC
Tor,uses,IRGC
ICS,is_part_of,Cyber-Physical Systems Security
ORAM,can_exploit,Tor
TLS,uses,authentication
Tor,uses,SOC
AKE,can_exploit,malware analysis
botnet,uses,Protocol
integrity,has_a,access control
PCI DSS,implements,security policy
intrusion prevention,has_a,Intrusion Detection System
EAP,can_exploit,Protocol
HIPAA,has_a,Control
RSA,implements,AKE
Closed ports,can_analyze,ICMP port unreachable error
Control,can_exploit,Control Flow Graph
CAM,can_exploit,Splunk
Tor,uses,Protocol
NIST,can_detect,CAN
incident response,has_a,CVSS
IDS,can_exploit,HMAC
asymmetric encryption,uses,KEM
CBAC,can_exploit,Control
MAC,can_exploit,CAM
The Cyber Security Body,has_a,ICS
ICS,can_exploit,NIS
CTI,has_a,ARP
Control,can_detect,SCN
ESP,can_exploit,The Cyber Security Body
ISI,can_detect,NIST
Security Information and Event Management,can_detect,RAT
Control Flow Graph,can_exploit,Control
IPS,can_exploit,exploit
IPS,has_a,accountability
intrusion detection,can_detect,DES
ISI,has_a,Key Encryption Key
Mobile Security Testing Guide,can_detect,CTI
Tor,uses,GCI
National Cyber Security Centre,uses,NAT
Key Derivation Function,can_detect,Control
ICS,has_a,Http
Protocol,can_exploit,SOP
Nping,can_analyze,node
NIS,uses,ISA
social engineering,is_part_of,Human Factors
The Cyber Security Body,can_exploit,CVE
ATC,has_a,hashing
Digital Forensics Research Workshop,is_part_of,Forensics
LEA,has_a,fail-safe defaults
symmetric encryption,has_a,RSA
Digital forensics,is_part_of,Security Operations and Incident Management
Hardware Security,is_part_of,Infrastructure Security
RAT,can_exploit,access control
access control,can_detect,Fi Protected Access
The Cyber Security Body,can_detect,VPN
NFV,can_detect,Network Address Translation
Public Key Cryptography,can_exploit,elliptic curve
symmetric encryption,is_a,ECC
CDA,can_exploit,authentication
Intrusion Detection System,can_detect,intrusion detection
Message Authentication Code,can_exploit,BSIMM
MAC,has_a,ESP
SOC,uses,RTP
ARP,can_detect,SIEM
KEK,can_detect,Tor
RSA,implements,Authenticated Encryption
XSS,can_detect,ISA
networking,uses,Tor
DIMVA,can_exploit,Symposium on Security and Privacy
Diffie-Hellman,implements,key management
worm,can_exploit,botnet
Encryption,can_detect,symmetric encryption
SOC,can_detect,phishing
SSTP,can_exploit,Policy
Tor,uses,BGP
Transport Layer Security,can_exploit,EAP
availability,can_detect,integrity
sender,has_a,IP address
RSA,has_a,NIST
NAT,can_exploit,DES
IoT,can_detect,AKE
PPP,can_detect,Authentication Protocol
cron,is_part_of,daemon
digital forensics,is_part_of,Tor
CGA,can_exploit,ESP
blockchain,has_a,Key Infrastructure
Simple Mail Transfer Protocol,can_exploit,Chosen Message Attack
Remote Access Trojan,has_a,Resolution Protocol
ISI,can_detect,Discretionary Access Control
Nmap,has_a,DNS queries
Control,can_exploit,DCS
integrity,has_a,DHIES
connection,can_analyze,samba
CFG,can_exploit,Cryptographically Generated Address
Control,can_exploit,hash function
availability,uses,ISI
NIST,has_a,Encryption
Controller Area Network,is_part_of,Tor
Open Web Application Security Project,can_detect,LEA
Physical Layer and Telecommunications Security,is_part_of,Infrastructure Security
SOC,can_exploit,ICS
networking,can_exploit,exploit
ABE,can_detect,MPC
encryption,can_detect,eavesdropping
Snort,can_analyze,bad packet
MAC,can_detect,NSA
Security awareness games Capture The Flag,is_part_of,Human Factors
MAC,can_exploit,integrity
Operating Systems and Virtualisation Security,is_part_of,Systems Security
Nmap,uses,policy
accountability,has_a,Strict Transport Security
ATC,can_exploit,Intrusion Detection
TLS,can_detect,CNS
PCI DSS,can_detect,privacy
SSL,can_exploit,IPsec
default,is_part_of,rsyslog
Security and Privacy,can_exploit,AKE
Advanced Encryption Standard,has_a,encryption
EAP,uses,Tor
Protocol,uses,Authenticated Encryption
authentication,can_exploit,Challenge Handshake Authentication Protocol
CTI,can_detect,Fully Homomorphic Encryption
Http,uses,SOC
ASC,has_a,Protocol
SOP,uses,digital forensics
EAP,can_exploit,phishing
access control,can_exploit,hashing
Message Authentication Code,can_exploit,RAT
exploit code,can_analyze,remote target machine
ISI,uses,single sign-on
target,can_expose,Spoofed
CTI,uses,ESP
Security Information and Event Management,can_detect,authentication
Tor,uses,Outgoing Eclipse Attacks
policy,uses,National Cyber Security Centre
IDS,is_part_of,IPS
anonymity,uses,RSA
Linux patches for security originally developed by the National Security Agency,uses,"Network and
Distributed System Security"
Http,uses,Protocol
authentication,has_a,Tor
Pointer Authentication Code,can_detect,Control
malware analysis,uses,ATC
ABE,has_a,IRGC
FAIR,can_exploit,authentication
SOC,can_detect,Control
AKE,can_detect,RAT
reverse engineering,is_part_of,APT
botnet,uses,ABE
hash function,uses,Public Key Cryptography
privacy,has_a,OAuth
ACL,can_exploit,Control
ACC,can_detect,WPA
phishing,is_part_of,APT
IoT,has_a,DES
DVI,uses,policy
The Cyber Security Body,has_a,NAT
MAC,can_detect,DES
CSRF,is_part_of,Software Security
Tor,uses,ABE
Key Encapsulation Mechanism,uses,PAC
threat modeling,uses,STRIDE
access control,can_detect,DDoS
Protocol,can_exploit,LEA
Tor,is_a,elliptic curve
ABE,can_exploit,The Cyber Security Body
defense in depth,is_a,Security Policy
HTTPS,can_detect,APT
ESP,has_a,PAC
hash function,can_exploit,ACL
PLC,can_detect,Control
UCON,uses,LAN
Distributed Hash Table,uses,Tor
BGP,can_exploit,Protocol
TPM,can_exploit,LEA
malware analysis,is_part_of,Malware and Attack Technologies
DAC,can_detect,Control
Security Policy,has_a,Content Security Policy
Nmap,uses,scan
TLS,uses,encryption
authentication,can_detect,Public Key Cryptography
SOC,has_a,APT
DES,implements,RTP
unfiltered,can_analyze,target
Extensible Authentication Protocol,can_exploit,Protocol
authentication,can_exploit,AKE
ISI,uses,Encryption
ABAC,uses,SOC
IDS,has_a,Industrial Control Systems
Protocol,can_exploit,Encryption
code review,can_exploit,command injection
Http,has_a,PAKE
authentication,has_a,Authentication Header
accountability,has_a,KAS
PEAP,can_detect,authentication
NCA,has_a,Encryption
Rpcclient,has_a,nmblookup
Encryption,can_exploit,ACL
Encryption,has_a,APT
HTTPS,has_a,PAP
PAC,can_detect,Encapsulation Security Payload
exploits,can_analyze,vulnerable
Tor,uses,availability
DES,implements,Authenticated Encryption with Associated Data
TPM,can_detect,Decryption
ISA,can_exploit,RSA
CTI,can_detect,OWE
DES,implements,Content Security Policy
Tor,uses,Control
Tor,uses,NCSC
ISI,can_exploit,insider threat
Strict Transport Security,has_a,IBE
SCADA,can_exploit,policy
Address,is_part_of,Nping
Shared Key,uses,RSA
NDP,can_detect,RAT
fuzzing attacks,can_harm,apps
authentication,is_a,privacy
APT,has_a,CTI
intrusion detection,can_exploit,CTI
hostname,can_analyze,Host
Protocol,has_a,"One intuitive idea for this type of control algorithm is
to use Model Predictive Control"
Message Authentication Code,is_part_of,"Authentication, Authorisation and Accountability"
MAC,uses,AEAD
traceroute,is_part_of,Nmap
PGP,has_a,Protocol
AKE,can_exploit,fail-safe defaults
DES,has_a,OpenSSL
Tor,uses,intrusion prevention
exploits,can_analyze,payloads
Risk Assessment,can_exploit,Threat Intelligence
Supervisory control and data acquisition,can_detect,SAE
policy,can_exploit,SOC
NIST,can_exploit,AEAD
MAC,can_exploit,hash function
Decryption,is_part_of,MITM
Fi Protected Access,can_detect,worm
adware,has_a,MAC
Control,can_detect,privacy
Hardware Security Knowledge Area,can_detect,Key Encryption Key
KAS,uses,Protocol
Control,has_a,Http
Nmap,has_a,features
LEA,can_detect,APT
RSA,implements,Threat Intelligence
ICS,has_a,DES
policy,can_exploit,Protocol
Advanced Encryption Standard,has_a,Authenticated Encryption with Associated Data
zero trust,can_exploit,Protocol
PAC,can_detect,SIEM
ARP,has_a,Automatic Gain Control
Address Resolution Protocol,has_a,AKA
HTTPS,has_a,CAM
AKE,can_detect,GDPR
Metasploit framework,uses,probe
ABAC,is_part_of,"Authentication, Authorisation and Accountability"
Protocol,is_a,ICS
Sends,has_a,SYN
availability,can_exploit,privacy
Software Security Knowledge Area,can_exploit,ATC
Tor,uses,NIS
RSA,can_detect,phishing
SDN,can_detect,SMAP
HMAC,can_detect,SHA-256
Protocol,has_a,networking
Distributed Systems Security,has_a,Protocol
ISA,has_a,Policy
IDPS,can_exploit,Splunk
Tor,uses,accountability
policy,has_a,KAS
Protocol,is_part_of,APT
elliptic curve,implements,KEM
man-in-the-middle,can_exploit,MITM
logging,can_analyze,kernel
Encryption,uses,RSA
RSA,implements,PAP
The Cyber Security Body,is_part_of,NAT
PAC,has_a,Point Protocol
Challenge Handshake Authentication Protocol,can_exploit,Lightweight Application Security Process
The Cyber Security Body,has_a,ACC
IPS,uses,PAC
man-in-the-middle,can_exploit,LEA
CAM,can_exploit,ACC
MAC,can_exploit,SQUARE
AKE,can_detect,MAC
WAF,can_detect,Control
AKE,can_exploit,Point Protocol
CTI,has_a,ATC
DAC,has_a,CSA
encryption,has_a,Internet Security Association and Key Management Protocol
anonymity,uses,POP
encryption,is_part_of,Cryptography
CHAP,can_detect,Trojan
POP,can_exploit,Challenge Handshake Authentication Protocol
NICE,can_exploit,Public Key Encryption
POP,can_detect,ESP
IBC,can_detect,Control
incident response,is_part_of,Risk Management and Governance
packet logger,is_part_of,Snort
PAC,can_exploit,Distributed Systems Security
privacy,uses,FHE
SOC,has_a,networking
dictionary attack,can_detect,HDLC
encryption,can_detect,RAT
privacy,uses,LEA
POP,has_a,Tor
PAC,can_detect,GDPR
hash function,can_exploit,policy
PAP,has_a,Http
RAT,has_a,CSP
ISI,can_detect,Intrusion Prevention System
policy,uses,TLS
DFRWS,has_a,Distributed Hash Table
RSA,implements,CAM
Protocol,has_a,SOC
IMAP,is_a,Tor
KVS,can_exploit,LEA
DAC,is_a,access control
EAP,can_exploit,FIRST
SOC,is_part_of,Threat Intelligence
ISA,can_detect,authentication
service exploitation,can_analyze,CVEs
Chosen Message Attack,can_exploit,CTI
HSM,can_detect,Encryption
Tor,uses,FIRST
PAC,can_detect,authentication
Key Value Store,can_exploit,MAC
Protocol,can_detect,ICMP
OpenVAS,can_detect,vulnerability
Intrusion Detection,can_exploit,MAC
RAT,can_detect,LAN
policy,can_exploit,Industrial Control Systems
ESP,has_a,CSA
ISI,can_detect,Tor
ACC,has_a,AEAD
DES,implements,Extensible Authentication Protocol
cybercriminals,implements,hack
NDP,can_detect,authentication
CAN,is_part_of,DES
IDS,has_a,Strict Transport Security
HTTPS,has_a,SAE
networking,can_exploit,CHAP
ORAM,can_exploit,asymmetric encryption
authorization,has_a,SOC
Security Policy,has_a,RSA
SPF,can_exploit,policy
IoT,is_part_of,MAC
BYOD,can_exploit,authentication
MAC,uses,KDF
NIST,has_a,elliptic curve
MAC,can_exploit,APT
WPA,can_detect,XSS
integrity,has_a,Access Control List
Encryption,can_exploit,policy
hash function,has_a,Protocol
PAC,can_detect,MAC
ACL,uses,Hellman Key Exchange
authorization,has_a,Protocol
Remote Access Trojan,has_a,ARP
Deterministic Usage of the Digital Signature Algorithm,is_part_of,Cryptography
SOC,is_part_of,PAP
NDP,can_detect,MAC
Strict Transport Security,has_a,NCA
Threat Intelligence,can_detect,SIEM
DNSSEC,has_a,ATC
Mobile Security Testing Guide,is_part_of,Secure Software Lifecycle
MAC,can_detect,privacy
authentication,is_a,AKE
ISI,can_exploit,Intrusion Detection Systems
PKI,uses,Digital Signature
MAC,has_a,Http
DSS,uses,Tor
NIS,has_a,The Cyber Security Body
SOC,has_a,Protocol
CHAP,has_a,ISA
Network Address Translation,can_exploit,FIRST
virus,can_exploit,malware analysis
Protocol,uses,CAM
blockchain,has_a,Public Key Cryptography
XSS,can_detect,cross-site request forgery
SMAP,can_detect,SOC
CFG,can_exploit,Control
"At this point it is important to highlight the difference between using Tor and using a Virtual
Private Network",can_detect,fault injection
HTTPS,uses,"National Cyber Security
Centre"
DAST,has_a,authentication
Decryption,uses,Authenticated Encryption
SPF,can_exploit,separation of duties
TLS,uses,DES
policy,can_exploit,ABE
Trusted Network Connect,can_exploit,CHAP
Snort,has_a,rules
DES,implements,RBAC
Hypertext Transfer Protocol,has_a,CTI
Intrusion Prevention System,has_a,Tor
The Cyber Security Body,can_exploit,Authentication Protocol
Nmap,has_a,time out
CAM,can_exploit,APT
denial of service,can_exploit,CAM
VPN,uses,IPsec
ASC,has_a,CVSS
AKE,can_detect,worm
ARP,can_exploit,CAM
network discovery,has_a,tools
DES,can_detect,Tor
policy,uses,OCSP
Control,has_a,NSA
IDS,has_a,rules
Status Protocol,can_exploit,OAuth
LEA,can_exploit,Trusted Network Connect
SOC,is_part_of,CAM
ransomware,can_exploit,insider threat
XSS,can_detect,LAN
rsyslog server,uses,logs
Control,can_exploit,Protocol
exploit,is_part_of,Malware and Attack Technologies
SOC,uses,POP
The Cyber Security Body,is_part_of,ACC
OWE,can_detect,ESP
SSL,can_exploit,NIST
DAC,has_a,cloud security
Digital forensics,is_part_of,Cyber-Physical Systems Security
ports,is_part_of,Firewall
Nmap,uses,LEA
IDPS,can_exploit,NAT
authentication,can_detect,DES
Metasploit Framework msf,has_a,deploy
pen tester,uses,explore
LEA,can_detect,SOC
LAN,can_detect,Control
RAT,has_a,ISA
Decryption,can_exploit,LEA
SAST,is_part_of,"Perform dynamic
analysis security
testing"
LEA,can_detect,Protocol
CVE,can_exploit,ISA
Penetration Testing,can_exploit,exploit
Tor,can_detect,cache poisoning
integrity,can_exploit,IBE
log server,uses,logs
NIST,has_a,CAN
LAN,is_part_of,Privacy and Online Rights
RSA,implements,CTI
Perform Static Analysis Security Testing,is_part_of,Secure Software Lifecycle
digital forensics,has_a,DFRWS
CMA,can_exploit,Challenge Handshake Authentication Protocol
POP,is_part_of,Tor
iptables,uses,logs
DFRWS,has_a,Hellman Key Exchange
Level Data Link Control,can_detect,DES
Digital Serial Interface,can_detect,DES
privacy,can_exploit,non-repudiation
AEAD,has_a,NIST
ORAM,uses,Encryption
Http,has_a,Encryption
ISA,has_a,Tor
ISI,can_exploit,Code Protocol
Shared Key,has_a,ISA
Network Address Translation,can_detect,NAT
PAKE,can_exploit,Protocol
CSP,has_a,CTI
Control,has_a,DES
NAT,can_exploit,AKE
AES,implements,LEA
CFRG,can_exploit,Challenge Handshake Authentication Protocol
SAST,can_detect,SIEM
AKE,can_exploit,Tor
ASC,is_part_of,Control
DNSSEC,has_a,DHIES
Point Protocol,can_detect,DES
authentication,can_exploit,replay attack
"Simultaneous Authentication of
Equals",is_part_of,"Authentication, Authorisation and Accountability"
DES,implements,Distributed Systems Security
DES,implements,blockchain
US,is_part_of,Risk Management and Governance
DAST,has_a,DHKE
AEAD,can_detect,SOC
NSA,can_exploit,access control
anonymity,is_part_of,Privacy and Online Rights
accountability,can_detect,PAC
MITM,can_exploit,Mandatory Access Control
Protocol,has_a,ABE
integrity,can_detect,GDPR
ACC,can_detect,Networking
Tor,uses,Programmable Logic Controller
Hellman Key Exchange,uses,KEM
ISI,is_part_of,Risk Assessment
MAC,has_a,key management
digital forensics,has_a,SSL
hpings,is_part_of,msfconsole
detection technique,can_detect,Intrusion
Cybersecurity Coordination Group,uses,ISI
SAML,can_detect,networking
WAF,can_detect,Fi Protected Access
Control,can_detect,Physical Systems Security
PAC,can_exploit,AKE
CSRF,has_a,RAT
policy,can_detect,ICS
STRIDE,can_exploit,SOC
Protocol,can_exploit,Based Encryption
authentication,can_detect,RSA
Distributed Hash Table,has_a,ICS
CCS,can_exploit,access control
RTP,has_a,APT
intrusion prevention,can_detect,IDPS
STRIDE,can_exploit,Protocol
DES,can_exploit,insider threat
Direct Memory Access,has_a,ARP
SOC,can_exploit,SOP
Mobile Security Knowledge Area,uses,DES
RADIUS,can_detect,Tor
Cryptographically Generated Address,can_exploit,availability
DES,implements,Risk Assessment
access control,can_detect,Security Policy
SAML,can_exploit,policy
TLS,uses,Mobile Security Knowledge Area
ISF,can_detect,networking
AES,can_exploit,elliptic curve
HTTPS,can_exploit,ICS
ransomware,uses,timing attack
EAP,can_exploit,DDoS
GDPR,can_detect,Tor
Host,has_a,TCP stack
RSA,implements,Vulnerability Assessment
NCSC,has_a,Http
PAC,can_detect,encryption
SOC,is_part_of,CTI
Outgoing Eclipse Attacks,can_exploit,FIRST
SOC,has_a,ABE
SSL,can_exploit,return-oriented programming
ISI,can_exploit,RSA
firewall,can_detect,network attacks
Packet Decoder,can_analyze,Packet
DES,implements,POP
Risk Assessment,can_detect,NIST
ECC,has_a,Key Encapsulation Mechanism
ICS,is_part_of,Adversarial Behaviours
CAM,can_exploit,SOIM
Outgoing Eclipse Attacks,can_exploit,symmetric encryption
MAC,can_exploit,SOC
RAT,has_a,Data Encryption Standard
ABE,has_a,MPC
SOC,uses,AKE
Authentication Protocol,can_detect,Protocol
responds,can_analyze,RST packet
SOC,uses,IBE
IDPS,can_exploit,ACC
NSA,uses,DES
ACL,can_detect,Protocol
Digital Serial Interface,can_detect,EAP
SAML,can_detect,SOC
anonymity,can_exploit,Encryption
RBAC,is_part_of,threat modeling
Hellman Key Exchange,has_a,Encryption
intrusion prevention,can_detect,Tor
incident response,uses,digital forensics
NIST,uses,ICS
The Cyber Security Body,can_detect,Fi Protected Access
CTI,has_a,The Cyber Security Body
Control,can_exploit,ABE
ESP,has_a,ISA
TISSEC,has_a,SOC
Encryption,uses,IBE
Firewall,is_part_of,IDS
ISF,has_a,Kerberos
NIST,has_a,LAN
SE,is_part_of,Hardware Security
PAC,uses,malware analysis
Protocol,uses,OCSP
Key Infrastructure,can_detect,PAN
ISI,can_detect,botnet
AKE,uses,policy
LEA,is_part_of,CTI
ISI,is_part_of,NIST
Protocol,can_detect,Transport layer security
The Cyber Security Body,has_a,IRGC
denial of service,can_exploit,botnet
SOC,has_a,Control
key management,is_a,Protocol
SOC,has_a,NCSC
AKE,has_a,RAT
Metasploit,uses,discover
side-channel attack,can_exploit,LEA
Control,uses,Policy
Simple Mail Transfer Protocol,can_exploit,CTI
RSA,uses,cross-site scripting
slow down responses,can_analyze,Traffic
MAC,has_a,DES
Snort,can_analyze,Traffic
SIEM,has_a,NIS
Address Resolution Protocol,can_exploit,Protocol
HTTPS,has_a,APT
The Cyber Security Body,has_a,CSP
privacy,can_exploit,insider threat
Tor,uses,CMA
Tor,uses,SPW
elliptic curve,implements,ECDSA
AKE,can_detect,FIPS
SCADA,can_detect,SDN
XSS,can_exploit,web security
Nmap,is_part_of,command-line interfaces
SOC,uses,Authenticated Encryption
IBE,has_a,Identity Based Encryption
PKE,can_detect,DSS
ABAC,has_a,access control
Metasploit,can_analyze,security services
side-channel attack,can_exploit,Encryption
ACC,has_a,Point Protocol
CSCG,uses,HTTPS
ENISA,uses,non-repudiation
Control,can_exploit,availability
blockchain,is_a,Tor
access control,has_a,incident response
Key Encryption Key,has_a,KDF
OEA,can_exploit,asymmetric encryption
Microsoft Security Development Lifecycle,has_a,APT
ASC,has_a,Internet Protocol
UDP,can_analyze,applications
Control,uses,Programmable Logic Controllers
Security and Privacy,has_a,authentication
"One intuitive idea for this type of control algorithm is
to use Model Predictive Control",has_a,"At this point it is important to highlight the difference between using Tor and using a Virtual
Private Network"
Encryption,uses,Authenticated Encryption
single sign-on,uses,policy
NSA,uses,RSA
authentication,can_detect,privacy
Tor,uses,CHAP
authentication,can_exploit,Control Flow Graph
HAC,has_a,Intrusion Detection System
responsive,can_analyze,Host
CVE,can_exploit,CAN
NSS,has_a,Encryption
CFTT,can_exploit,CMA
Control,is_part_of,Cyber-Physical Systems Security
EAP,can_detect,HMAC
advanced persistent threat,uses,zero-day
Network Security Knowledge Area,can_exploit,accountability
NIST,can_exploit,ORAM
DES,implements,TPM
Based Encryption,has_a,High Performance Controller
BGP,can_exploit,Border Gateway Protocol
PAC,can_detect,Intrusion Detection Systems
logged,can_analyze,remote server
IDS,can_detect,ICS
NIST,has_a,ISI
IoT,can_detect,PAC
IDPS,can_exploit,APT
STRIDE,can_exploit,ABE
ECC,has_a,KAS
DES,implements,AKE
Encryption,can_exploit,LEA
SOIM,can_exploit,Protocol
Protocol,can_detect,ICS
Control,can_exploit,NIS
RSA,uses,NIST
Http,can_detect,HTTPS
Control,has_a,privacy
SOC,is_part_of,Human Factors
SOC,can_exploit,Encryption
Intrusion Detection Systems,uses,Intrusion Detection System
ISI,can_exploit,cross-site scripting
Control,has_a,Public Key Infrastructure
Tor,can_detect,advanced persistent threat
SQUARE,has_a,Spyware
NCSC,can_detect,National Cyber Security Centre
AKE,has_a,GDPR
AKE,has_a,advanced persistent threat
IPsec,uses,Encryption
LEA,can_detect,NIS
Extensible Authentication Protocol,can_detect,PKI
integrity,uses,SMTP
Internet Key Exchange,can_exploit,IDS
GCI,can_detect,GDPR
TLS,is_part_of,Control
DHT,can_exploit,DDoS
FLASK,can_detect,Flux Advanced Security Kernel
GDPR,has_a,IBE
integrity,can_exploit,Tor
anonymity,has_a,Protocol
Encryption,can_detect,Decryption
cross-site scripting,can_detect,Fi Protected Access
AES,implements,Control
CVSS,has_a,Http
OAuth,has_a,SAML
The Cyber Security Body,has_a,ISA
Address Resolution Protocol,has_a,MAC
AKE,can_detect,Extensible Authentication Protocol
ICS,can_detect,ISA
IBE,has_a,LEA
open,can_analyze,operating system
Intrusion Detection,can_exploit,DES
receive,has_a,connection
MAC,has_a,KEM
CHAP,can_detect,Transport Layer Security
Key Infrastructure,can_detect,Privileged Access Never
CHAP,has_a,LAN
Transport Layer Security,can_detect,Key Infrastructure
Public Key Encryption,has_a,Encryption
NSA,uses,blockchain
AKE,has_a,MAC
perform,can_detect,fuzzing attacks
GCI,can_detect,Message Authentication Code
Encryption,can_detect,ICS
phishing,can_exploit,HTTPS
AEAD,has_a,Advanced Encryption Standard
PAC,can_detect,DES
authentication,can_exploit,hash function
Sender Policy Framework,can_exploit,ACC
SSL,uses,Security Policy
Extensible Authentication Protocol,can_detect,PAC
IBC,has_a,Control
POP,has_a,ESP
symmetric encryption,can_exploit,SPF
ISI,has_a,Remote Access Trojan
Encryption,has_a,symmetric encryption
CCS,has_a,security awareness
CAN,can_exploit,CBAC
Security Policy,uses,RTP
Nmap,has_a,outputs
ENISA,can_detect,Control
attackers,uses,Nmap
denial of service,can_exploit,APT
AKE,can_detect,RSA
Protocol,can_exploit,ISI
DES,has_a,NIST
MAC,can_exploit,availability
TPM,uses,Key Infrastructure
Snort,has_a,Sniff Mode
NIST,can_exploit,SHA-256
Security Quality Requirements Engineering,can_exploit,Chosen Message Attack
Chosen Message Attack,can_exploit,Protocol
ACL,can_detect,Control
Control,can_exploit,symmetric encryption
ISI,has_a,Intrusion Prevention System
symmetric encryption,can_detect,Protocol
CTI,can_exploit,CVE
NSA,can_exploit,The Cyber Security Body
Control,can_detect,DRM
privacy,uses,Fi Protected Access
CTI,can_detect,CAN
complete mediation,has_a,NSA
trojan,has_a,ACC
access control,can_exploit,intrusion detection
ECC,uses,Tor
TLS,uses,AKE
ASC,has_a,CHAP
access control,has_a,LAN
NSA,uses,privacy
Control,uses,Tor
ATC,can_detect,Password Authentication Protocol
Content Security Policy,is_part_of,Web and Mobile Security
SAML,can_detect,Control
AEAD,has_a,Tor
response,can_analyze,RESET packet
virus,is_part_of,Malware and Attack Technologies
Common Vulnerability Scoring System,has_a,CSA
ISI,has_a,Tor
network segmentation,is_part_of,network security
locally,can_analyze,Server
Formal Methods for Security,is_part_of,Systems Security
key management,can_detect,Encryption
ACL,has_a,AES
anonymity,is_part_of,MITM
LEA,can_detect,symmetric encryption
ACL,uses,Public Key Cryptography
Encryption,uses,IDPS
Protocol,is_a,MITM
Nmap,can_analyze,bytes
PAN,is_part_of,SOC
ACC,can_detect,Password Authentication Protocol
IPS,uses,Control
detection technique,can_detect,attacks
separation of duties,has_a,policy
authentication,can_detect,AKE
Protocol,is_a,LEA
Nmap,can_exploit,RSA
Encryption,uses,Advanced Encryption Standard
RSA,implements,networking
CAN,can_detect,Security Assertion Markup Language
CAM,can_exploit,availability
NIST,can_exploit,AKA
PGP,can_detect,access control
PCI DSS,can_detect,PKI
botnet,can_exploit,CLASP
TLS,has_a,Control
backdoor,has_a,CAM
Digital Signature,has_a,Encryption
WEP,can_detect,LAN
LEA,has_a,SSL
single sign-on,is_part_of,"Authentication, Authorisation and Accountability"
CHAP,can_exploit,ESP
LEA,is_part_of,APT
MAC,can_detect,ICS
AKE,is_a,integrity
CHAP,uses,LEA
PAC,is_part_of,SIEM
"Crypto Forum Research
Group",has_a,confidentiality
responses,is_part_of,Firewall
integrity,can_detect,Authenticated Encryption with Associated Data
Firewall,has_a,ISI
vulnerability scanning,uses,OpenVAS
Hypertext Transfer Protocol,has_a,Protocol
ECC,has_a,Internet Protocol
NIST,has_a,IoT
AES,can_exploit,cache poisoning
hashing,has_a,ICS
PCI DSS,can_detect,ACC
Security Information and Event Management,can_detect,Supervisor Mode Access Protection
SAML,can_detect,accountability
authentication,has_a,Hellman Integrated Encryption Scheme
Key Encryption Key,has_a,NCA
LAN,can_exploit,Policy
The Cyber Security Body,uses,ICS
SOIM,can_exploit,SENT
ASC,can_exploit,exploit
ECC,uses,SHA-256
LEA,uses,malware analysis
CHAP,uses,Encryption
ISA,can_detect,EAP
Risk Assessment,can_detect,Intrusion Prevention System
Intrusion,can_harm,Packet
Encryption,uses,PAP
attackers,can_exploit,security holes
NTP,can_detect,Http
Protocol,uses,networking
Network Time Protocol,can_exploit,Open Web Application Security Project
SDN,can_exploit,DES
Digital Signature,can_exploit,Network Time Protocol
msfconsole,can_analyze,client node
The Cyber Security Body,can_exploit,Networking
Public Key Encryption,is_part_of,Encryption
targets,has_a,advanced
RSA,implements,SOC
ISI,can_detect,IPS
botnet,can_exploit,IBE
Identity Based Encryption,has_a,ICMP
FAIR,can_exploit,virus
Risk Assessment,can_detect,Tor
POP,can_exploit,botnet
Data Encryption Standard,uses,3DES
SOC,can_exploit,IDS
RSA,implements,Protocol
denial of service,can_detect,ICMP
Hashcat,can_exploit,Password
Mobile Security Testing Guide,uses,Tor
SOC,uses,CAM
Hardware Security Module,can_exploit,IBE
denial of service,can_exploit,networking
Security Policy,can_detect,APT
TCP stack,can_analyze,target services
availability,has_a,backdoor
ISI,can_exploit,return-oriented programming
ISI,can_exploit,clickjacking
machine,uses,log data
probe,can_analyze,network vulnerabilities
OCSP,can_exploit,NIST
Level Data Link Control,has_a,DES
TLS,can_detect,EIGRP
AKE,can_exploit,ESP
Content Security Policy,has_a,RAT
Risk Assessment,is_a,Tor
HSTS,has_a,MAC
AES,implements,MPC
Encryption,uses,CAM
CVE,has_a,Security Policy
IDS,has_a,ECDSA
TLS,can_exploit,Encryption
POP,uses,Tor
ISI,is_part_of,Tor
integrity,can_detect,DES
RTP,has_a,Control
policy,uses,ABE
ISF,uses,RSA
AKE,can_detect,POP
Chosen Message Attack,can_exploit,ABE
Key Infrastructure,has_a,OWE
HMAC,implements,HPC
APT,has_a,accountability
ACC,is_part_of,Tor
CCS,is_part_of,NAT
MITRE ATT&CK,can_analyze,adversarial behavior
NIS,has_a,Internet Security Association and Key Management Protocol
DES,implements,National Cyber Security Centre
NICE,can_detect,Network Address Translation
access control,can_detect,Fully Homomorphic Encryption
AKE,uses,Encryption
ACC,can_detect,Message Authentication Code
privacy,can_exploit,RSA
Control,can_detect,PKI
NIS,can_detect,Encapsulation Security Payload
ACC,has_a,Networking
Digital Forensics Research Workshop,has_a,DMARC
rsyslog,can_analyze,configuration files
privacy,can_detect,Password Authentication Protocol
pen tester,uses,pentest
rootkit,is_part_of,Malware and Attack Technologies
Protocol,has_a,CMA
Snort,can_detect,intrusion detection
denial of service,can_exploit,SOC
CSRF,has_a,Content Security Policy
Host,has_a,requirements
encryption,can_exploit,ABE
separation of duties,is_a,Security Policy
NDP,can_exploit,TLS
MAC,can_exploit,Local Area Network
LAN,has_a,HMAC
availability,can_exploit,CFG
Encryption,can_exploit,NICE
denial of service,can_exploit,Protocol
DES,implements,PAP
OWE,can_detect,DES
access control,can_detect,XSS
RAT,can_exploit,CAN
IP,is_part_of,Cryptography
CMA,can_exploit,Control Flow Graph
policy,uses,NCSC
Tor,uses,EIGRP
malware analysis,has_a,MAC
HTTPS,uses,IBE
Encryption,can_detect,policy
Control,can_detect,PAC
msfconsole,has_a,exploit
established,can_analyze,target
denial of service,can_harm,integrity
Attacker,uses,packet filtering
ACC,uses,access control
Status Protocol,uses,Protocol
AKE,can_detect,NIST
CTI,can_detect,ISI
cross-site scripting,can_exploit,single sign-on
integrity,can_detect,RSA
Control,can_detect,HAC
SENT,can_exploit,intrusion detection
ARP,has_a,DES
authentication,is_part_of,DES
Packet Decoder,is_part_of,Snort
The Cyber Security Body,has_a,Intrusion Detection System
DES,implements,CAM
CAM,can_exploit,Intrusion Detection System
CTI,can_exploit,AEAD
access control,can_exploit,AKA
LEA,is_part_of,SOC
CCMP,can_exploit,Vulnerability Assessment
CAM,is_part_of,Http
SMTP,can_exploit,SOC
Encryption,has_a,CMA
ACC,has_a,Automatic Gain Control
HTTPS,has_a,NCSC
RAT,uses,ICS
Network Time Protocol,can_exploit,NTP
ABE,can_detect,The Cyber Security Body
SCN,can_detect,encryption
LEA,is_part_of,Protocol
"One intuitive idea for this type of control algorithm is
to use Model Predictive Control",has_a,"Sextortion is becoming such a relevant threat that crime prevention agencies such as the
National Crime Agency"
SAML,has_a,Protocol
ORAM,can_detect,An Oblivious Random Access Memory
LEA,can_exploit,Nmap
access control,uses,PKI
Controller area network,can_exploit,CCS
VXLAN,can_detect,XSS
Tor,uses,Network Functions Virtualisation
Protocol,can_detect,Hypertext Transfer Protocol
LAN,has_a,ISA
access control,can_detect,privilege escalation
Tor,uses,access control
ORAM,can_detect,CTI
RSA,implements,ABE
IKE,can_detect,HDLC
APT,can_detect,reverse engineering
ESP,is_part_of,Risk Management and Governance
HDLC,has_a,MAC
EIGRP,can_detect,NAT
code review,uses,LEA
Linux,has_a,rsyslog
Control,can_exploit,code injection
Protected Extensible Authentication Protocol,is_part_of,"Authentication, Authorisation and Accountability"
access control,can_detect,Firewall
Control,is_part_of,DES
CCMP,can_exploit,ACC
Network Security Knowledge Area,can_exploit,CHAP
The Cyber Security Body,is_part_of,incident response
Level Data Link Control,can_exploit,CHAP
Hardware Security Module,is_part_of,Hardware Security
NTP,can_exploit,CTI
identify,can_analyze,system vulnerabilities
ICS,can_exploit,The Cyber Security Body
explore,can_analyze,Vulnerabilities
SOP,has_a,MAC
PAC,uses,Tor
authentication,can_exploit,SOC
PAC,can_exploit,Simple Mail Transfer Protocol
policy,can_detect,LEA
LAN,is_part_of,NIS
authentication,has_a,NSA
CAN,can_detect,NFV
Nmap,can_analyze,ACK packets
HTTPS,has_a,NIS
PAC,can_exploit,hash function
Digital Signature,is_part_of,Cryptography
access control,uses,PAC
authentication,can_exploit,Protocol
PPTP,has_a,ISI
ICS,can_detect,LAN
source,has_a,Address
NSS,can_detect,MAC
IDPS,can_exploit,Control
phishing,can_detect,The Cyber Security Body
Based Access Control,has_a,Intrusion Detection System
SOIM,can_exploit,Intrusion Detection System
privacy,can_detect,Message Authentication Code
policy,is_part_of,ICS
Security Policy,can_detect,Protocol
encryption,is_part_of,Applied Cryptography
Nmap,can_analyze,packets
Public Key Cryptography,has_a,Encryption
ARP,has_a,RSA
RSA,implements,Control
LEA,can_exploit,VPN
networking,can_detect,DDoS
Protocol,uses,ABE
DES,has_a,Tor
advanced persistent threat,has_a,authorization
privacy,can_exploit,POP
elliptic curve,implements,ACC
Intrusion Detection,can_exploit,AKE
ATC,can_exploit,Tor
CBAC,can_exploit,The Cyber Security Body
key management,can_detect,HSM
packets,can_expose,forged
encryption,can_exploit,NSA
DES,implements,integrity
PKI,has_a,The Cyber Security Body
ICS,has_a,Authentication and Key Agreement
authentication,has_a,DES
Common Vulnerability Scoring System,has_a,Control
MAC,can_detect,PAC
ACL,uses,RSA
NSA,has_a,ENISA
NSA,can_detect,SDN
SQL injection,can_exploit,web security
RSA,can_exploit,supply chain attack
NIST,uses,LEA
privilege escalation,is_part_of,Operating Systems and Virtualisation Security
DES,implements,CTI
IKE,can_exploit,Internet Key Exchange
KAS,has_a,ISI
Protocol,uses,PQC
adware,is_part_of,AKE
access control,can_exploit,Mandatory Access Control
CAN,can_detect,ISI
IBE,can_exploit,IDXP
Encryption,uses,Public Key Encryption
Penetration Testing,uses,Metasploit
RSA,can_exploit,elliptic curve
MAC,can_detect,HAC
integrity,can_detect,privacy
Network Address Translation,is_a,Control
virus,can_detect,MAC
Key Infrastructure,has_a,Encryption
RBAC,is_a,access control
Distributed Systems Security,can_exploit,ISI
integrity,has_a,ISI
Protocol,uses,NCSC
LEA,can_detect,Suricata
encryption,can_exploit,Status Protocol
sandboxing,can_detect,Annual Computer Security Applications Conference
Metasploit framework,can_analyze,vulnerable
ASC,has_a,access control
Control,can_exploit,side-channel attack
Intrusion Prevention System,has_a,encryption
availability,can_detect,code injection
PAP,can_detect,APT
Digital Signature,can_detect,DES
ASC,has_a,ATC
The Cyber Security Body,can_exploit,RAT
integrity,can_exploit,Controller Area Network
Control,can_exploit,ARP
access control,uses,APT
critical,can_analyze,Linux machine
SOC,can_exploit,LAN
Intrusion Prevention System,has_a,KEK
OWE,can_exploit,NIS
FIRST,can_detect,NSS
Security and Privacy,is_part_of,DES
POP,can_exploit,networking
IoT,can_detect,Control
Remote Access Trojan,has_a,Shared Key
cross-site request forgery,has_a,Protocol
worm,can_detect,VPN
rsyslog,has_a,setup configurations
MAC,is_part_of,Operating Systems and Virtualisation Security
CAM,has_a,RSA
TLS,uses,Digital Signature
OAuth,can_exploit,NIST
network security,is_part_of,Infrastructure Security
ATC,has_a,HTTPS
PKI,uses,FIRST
QKD,has_a,PPP
CTI,has_a,Based Encryption
The Cyber Security Body,has_a,"Wiki
The Open Web Application Security Project"
RAT,can_exploit,ISI
PKI,has_a,authorization
side-channel attack,can_exploit,ISI
The Cyber Security Body,can_detect,SDN
BGP,can_exploit,access control
Tcpdump,uses,DSS
CHAP,uses,CAN
PAC,has_a,Http
IDMEF,can_detect,Protocol
Computer Forensic Tool Testing,can_exploit,NCA
Authenticated Encryption with Associated Data,uses,SOC
authentication,can_detect,Digital Signature
SAST,can_detect,SCADA
IoT,has_a,APT
Syslog,can_analyze,Linux
Protocol,can_detect,MITM
AKE,can_exploit,Http
CTI,has_a,CAN
Password Authentication Protocol,can_detect,Protocol
ATC,uses,policy
ABAC,uses,access control
accountability,has_a,Hypertext Transfer Protocol
ACC,has_a,Key Infrastructure
Intrusion Prevention System,has_a,Key Encapsulation Mechanism
ISI,uses,"National Cyber Security
Centre"
Key Derivation Function,uses,hash function
privacy,can_exploit,AKE
IBE,is_part_of,CAN
SOC,can_exploit,DDoS
vendors,uses,application
Protocol,can_detect,LEA
GCI,can_detect,RBAC
Control,can_detect,LEA
integrity,can_exploit,IPS
zero-day,can_detect,EAP
OWE,has_a,Based Access Control
digital forensics,can_analyze,evidence
DES,implements,Public Key Encryption
Nmap,has_a,network mapper
policy,can_exploit,Decryption
SENT,uses,Vulnerability Assessment
integrity,can_exploit,CFTT
HTTPS,uses,Tor
POP,can_exploit,Protocol
Hellman Integrated Encryption Scheme,has_a,DAST
access control,can_exploit,BSIMM
integrity,has_a,HTTPS
SENT,has_a,NIS
IDS,can_detect,Encryption
/var/log,can_analyze,criticallog
privacy,uses,SMTP
networking,has_a,APT
Http,is_part_of,HTTPS
system,has_a,protection
RSA,implements,Address Resolution Protocol
NIS,can_detect,encryption
Tor,uses,policy
DRM,can_detect,Extensible Authentication Protocol
Security and Privacy,has_a,privacy
LEA,is_part_of,digital forensics
ESP,uses,Control
Outgoing Eclipse Attacks,is_part_of,Network Security
Snort,uses,detection technique
CAN,can_detect,dictionary attack
OWASP,has_a,The Cyber Security Body
access control,has_a,CTF
NIST,can_exploit,Message Authentication Code
authentication,can_exploit,availability
Hellman Key Exchange,can_exploit,AKA
authentication,can_exploit,Control
ISI,has_a,DFRWS
SHA-256,can_detect,MITM
RAT,has_a,CTF
Encryption,can_exploit,ISI
SOC,has_a,Security Policy
NIST,can_detect,IBE
"National Vulnerability
Database",is_part_of,Software Security
graphical user interface,has_a,Metasploit
Programmable Logic Controller,can_detect,PKE
access control,can_exploit,HTTPS
IoT,can_exploit,Internet Message Access Protocol
PPP,has_a,RAT
OWE,has_a,RTP
Distributed Systems Security,has_a,access control
SSL,has_a,HTTPS
IPS,can_detect,authentication
DES,implements,SQUARE
Encryption,can_detect,LEA
integrity,can_detect,AKE
ISF,can_exploit,single sign-on
Nmap,can_analyze,source
Based Access Control,uses,CTI
AKE,has_a,blockchain
SHA-1,has_a,session hijacking
ICS,has_a,APT
AEAD,can_exploit,HMAC
Tor,uses,Fully Homomorphic Encryption
The Cyber Security Body,can_exploit,Message Authentication Code
Security and Privacy,can_exploit,NSA
Tor,uses,The Cyber Security Body
HTTP,has_a,Digital forensics
security,has_a,Firewall
KVS,can_exploit,Key Value Store
The Cyber Security Body,can_exploit,MAC
anonymity,uses,Protocol
zero trust,is_part_of,Network Security
TLS,uses,PKI
Privacy Enhancing Technologies,uses,NIST
Encryption,is_part_of,ICS
Intrusion Detection Systems,can_exploit,DSS
Protocol,can_detect,HMAC
CAM,has_a,privacy
Hardware Security Module,can_detect,least privilege
PAC,is_part_of,DES
LEA,can_exploit,MISP
CTF,has_a,HTTPS
Border Gateway Protocol,can_exploit,Common Criteria
ISA,can_exploit,Open Web Application Security Project
IBE,has_a,ISI
ISI,has_a,SSL
LEA,uses,Tor
RSA,can_exploit,cross-site request forgery
HIDS,has_a,HTTP
ICS,uses,SCADA
ESP,can_detect,NCA
ATC,has_a,advanced persistent threat
authentication,has_a,privacy
KDF,can_detect,PKCS
Fi Protected Access,can_detect,CTI
Firewall,has_a,block
Hardware Security Module,has_a,Based Encryption
Common Criteria,can_exploit,ISI
zero trust,is_a,Security Policy
ISI,has_a,Open Web Application Security Project
single sign-on,can_exploit,RSA
RADIUS,implements,Point Protocol
Control,can_harm,Computer Security Foundations Workshop
Tor,uses,PAKE
Preprocessor,is_part_of,Snort
Address Resolution Protocol,has_a,POP
authentication,can_detect,PKI
Cryptographically Generated Address,has_a,HAC
Access Control List,can_detect,integrity
policy,has_a,APT
ATC,has_a,authentication
Risk Assessment,can_exploit,STRIDE
DHKE,has_a,Data Encryption Standard
QKD,has_a,PSK
Vulnerability Assessment,can_exploit,ACC
access control,uses,SOC
Mandatory Access Control,can_exploit,Protocol
denial of service,has_a,Digital Forensics Research Workshop
SSTP,can_exploit,Security Operating Center
DNS spoofing,can_exploit,Network
CHAP,can_exploit,DES
Intrusion Detection System,uses,LEA
DSA,can_detect,ECC
Protocol,has_a,Network Functions Virtualisation
access control,uses,Protocol
Firewall,can_exploit,DES
Protocol,has_a,ICS
GnuPG,implements,encryption
CTI,is_part_of,Hardware Security
scanning,has_a,Nmap
Intrusion Detection System,can_exploit,RAT
ISI,can_exploit,Vulnerability Assessment
traceroute,has_a,command
DHT,has_a,Message Authentication Reporting and Conformance
MAC,can_detect,FHE
AKE,has_a,POP
SAST,can_exploit,Protocol
NSA,is_a,policy
elliptic curve,implements,LEA
zero-day,can_detect,POP
Intrusion Detection Systems,is_part_of,IDS
ISI,can_exploit,PKI
IBE,is_part_of,Trojan
SHA-1,implements,authentication
Chosen Message Attack,can_exploit,CMA
PAC,can_exploit,SOC
IDMEF,can_exploit,ICS
Internet Protocol,can_exploit,AKE
PKCS,is_part_of,DES
AKE,is_part_of,Mobile Security Knowledge Area
NSA,can_detect,The Cyber Security Body
Transport Layer Security,can_detect,EAP
NCA,can_detect,Discretionary Access Control
hashing,has_a,LEA
APT,has_a,Level Data Link Control
ISI,can_exploit,hash function
WAF,can_detect,The Cyber Security Body
Control,has_a,DCS
The Cyber Security Body,uses,LEA
Extensible Authentication Protocol,can_detect,ENISA
Http,uses,policy
SHA-1,implements,MAC
DES,implements,Controller Area Network
Protocol,has_a,reverse engineering
OWASP Top 10,can_detect,web security
Software Security Knowledge Area,can_exploit,ISI
Key Infrastructure,can_detect,Pointer Authentication Code
CTI,can_exploit,Computer Forensic Tool Testing
IPS,can_exploit,TKIP
FAIR,can_detect,DES
Snort,has_a,protect
worm,can_detect,ISA
AGC,has_a,Control
HTTPS,has_a,CMA
fail-safe defaults,is_a,Security Policy
Authenticated Encryption,can_exploit,Tor
HTTPS,uses,TLS
closed,can_analyze,sender
Key Encryption Key,has_a,ISAKMP
availability,uses,Tor
multi-factor authentication,can_detect,OAuth
Tor,uses,Global Cybersecurity Index
DES,implements,HDLC
Key Derivation Function,can_detect,Encryption
Address Resolution Protocol,has_a,virus
Tor,uses,Firewall
Security Extensions,has_a,HTTPS
Control,is_part_of,AKE
SSL,can_detect,IPsec
CTI,is_part_of,LEA
KEM,has_a,Encryption
PAC,has_a,DES
AKE,uses,multi-factor authentication
SOC,can_exploit,spear phishing
Enum4linux,can_analyze,Kali Linux
Tor,can_detect,virus
ICS,is_part_of,APT
remote commands,can_analyze,machine
policy,can_detect,FIRST
AKE,can_exploit,DES
Physical Systems Security,can_detect,policy
EAP,can_exploit,Hardware Security Module
KDF,uses,Encryption
Neighbor Discovery Protocol,can_detect,ISA
IPsec,is_part_of,network security
AKE,has_a,virus
NIST,can_exploit,OpenSSL
CTI,has_a,ISI
Control,has_a,HAC
NCA,has_a,IPsec
RSA,can_exploit,cache poisoning
Strict Transport Security,has_a,DES
PLC,can_detect,PAN
ACL,has_a,Control
DES,has_a,race condition
Control,can_exploit,ATC
HSM,has_a,HIDS
BYOD,can_detect,MAC
Subverting,has_a,Firewalls
networking,has_a,Protocol
privacy,has_a,OWASP
IDS,has_a,Hypertext Transfer Protocol
ABE,has_a,The Cyber Security Body
AKE,can_detect,Digital Signature
setup,has_a,IDS system
code review,can_detect,Tor
privacy,can_detect,DES
facility,has_a,Severity Levels
Http,can_exploit,CDA
FIPS,is_part_of,network security
Address Resolution Protocol,has_a,AKE
NAT,can_exploit,Outgoing Eclipse Attacks
Virtual Private Network,can_detect,Wired Equivalent Privacy
Control,can_detect,Software Security Knowledge Area
Http,has_a,OpenSSL
PSK,has_a,The Cyber Security Body
AKE,can_detect,integrity
XSS,can_exploit,DES
ENISA,has_a,APT
RSA,implements,CMA
DES,implements,SSL
hash function,has_a,hashing
WPA,can_detect,MAC
Http,is_part_of,Applied Cryptography
DES,is_a,RSA
IPS,can_exploit,Tor
Message Authentication Code,can_exploit,CTI
zero trust,can_detect,OAuth
Http,can_detect,POP
Intrusion Prevention System,has_a,KEM
GDPR,can_detect,DES
logged,can_analyze,disk file
Network Security Knowledge Area,has_a,APT
PKE,can_detect,authentication
AKE,uses,ISI
AKE,has_a,IBE
AKE,can_detect,CTI
PQC,has_a,Trojan
remote,can_analyze,messages
exploit,can_exploit,authentication
Content Security Policy,has_a,RSA
ISI,can_exploit,APT
anonymity,can_exploit,denial of service
Intrusion Detection System,can_detect,IBE
rsyslog,is_part_of,logging system
CDA,can_exploit,APT
hashing,is_part_of,LEA
DNSSEC,has_a,ISI
RSA,implements,CHAP
Public Key Cryptography,uses,Decryption
show options command,can_analyze,target
Programmable Logic Controller,can_detect,KDF
BSIMM,uses,Key Infrastructure
TLS,can_detect,Encryption
CTI,is_part_of,Law and Regulation
SOC,uses,Industrial Control Systems
IDMEF,can_exploit,Internet Message Access Protocol
PAC,uses,SIEM
Metasploit,can_detect,backdoor
Kerberos,implements,OAuth
ISI,has_a,Http
policy,has_a,SOC
exploit,can_exploit,MAC
ATC,can_detect,Risk Assessment
Authenticated Encryption,has_a,RAT
LEA,can_exploit,FIRST
hacker,uses,process
NIST,can_detect,Tor
virus,has_a,advanced persistent threat
IoT,is_part_of,integrity
policy,has_a,Protocol
Tor,can_detect,clickjacking
NAT,can_exploit,availability
NSE,is_part_of,Nmap Scripting Engine
"Annual International
Conference on Privacy Security and Trust",is_part_of,Privacy and Online Rights
Authenticated Encryption with Associated Data,has_a,AES
Open Web Application Security Project,has_a,CTF
privacy,can_detect,RSA
source,has_a,IP address
CGA,can_exploit,CFG
The Cyber Security Body,uses,ISA
privilege escalation,can_harm,access control
CAN,has_a,IKE
Tor,uses,single sign-on
PKI,can_detect,authentication
SAML,uses,PAC
Mandatory Access Control,can_exploit,Control
Discretionary Access Control,is_part_of,Operating Systems and Virtualisation Security
ATC,uses,Encryption
access control,can_exploit,denial of service
RAT,uses,LEA
CCMP,can_exploit,Control
NDP,can_detect,TLS
Encryption,can_detect,supply chain attack
integrity,uses,NCA
MAC,uses,Intrusion Detection Systems
Public Key Encryption,can_detect,Extensible Authentication Protocol
NDP,can_detect,CTI
privacy,can_detect,EAP
CHAP,can_exploit,privacy
confidentiality,is_part_of,CIA triad
ACL,can_detect,access control
tools,is_part_of,Metasploit framework
configurations,can_analyze,networking system setup
Internet Protocol,has_a,WPA
accountability,has_a,ISA
auth,is_part_of,Syslog
Distributed Systems Security,uses,accountability
FIRST,has_a,Data Encryption Standard
MAC,can_exploit,ATC
ISI,has_a,Digital forensics
PAC,can_exploit,availability
digital forensics,has_a,ICS
LAN,can_exploit,authentication
FIRST,has_a,DMA
Selectors,can_analyze,facility
ICS,is_part_of,Forensics
ATC,can_exploit,anonymity
PLC,can_detect,Privileged Access Never
Common Criteria,can_exploit,authentication
Protected Extensible Authentication Protocol,can_detect,PEAP
LEA,can_exploit,Intrusion Detection System
Tor,uses,Encryption
cross-site scripting,can_detect,The Cyber Security Body
CTI,has_a,IoT
Nmap,is_part_of,Hping3
version,is_part_of,msfconsole
Supervisor Mode Access Protection,can_detect,supply chain attack
NSS,has_a,denial of service
SQUARE,has_a,Splunk
IoT,can_detect,CHAP
denial of service,can_detect,APT
Symposium on Security and Privacy,has_a,Http
LEA,can_detect,Internet Message Access Protocol
IoT,has_a,Control
Vulnerability Assessment,can_exploit,LEA
Risk Assessment,can_detect,Http
ISF,can_detect,access control
ISI,is_part_of,Industrial Control Systems
Cryptographically Generated Address,can_exploit,The Cyber Security Body
reveal,can_detect,Trojan horses
advanced persistent threat,has_a,Authentication Header
Http,can_detect,IBE
policy,is_part_of,LEA
block,can_detect,unsolicited
SSL,has_a,OpenSSL
PCI DSS,can_detect,Programmable Logic Controller
Snort,is_part_of,Nmap
NVD,can_exploit,Network Time Protocol
privacy,can_detect,blockchain
anonymity,uses,FIRST
Transport Layer Security,uses,Hellman Key Exchange
Supervisory Control and Data Acquisition,can_detect,ISI
PAC,has_a,privacy
LEA,is_a,APT
Control,is_part_of,SDL
SSL,is_part_of,Applied Cryptography
DES,implements,Industrial Control Systems
Border Gateway Protocol,can_exploit,BGP
PAC,has_a,Public Key Infrastructure
Protocol,can_exploit,command injection
MAC,can_exploit,ACL
AKE,can_exploit,privacy
Authenticated Encryption,has_a,authentication
IDS,has_a,LEA
DCS,has_a,FIRST
SDL,has_a,OWE
Protocol,can_detect,MPC
OWE,can_exploit,Security Quality Requirements Engineering
IoT,has_a,NIS
encryption,can_detect,CTI
Digital Signature,has_a,MAC
IPS,uses,CISSP
authentication,can_exploit,CMA
Control,has_a,LEA
pen tester,uses,monitor
Control,can_exploit,policy
NAT,can_exploit,FIRST
CVSS,has_a,ACL
Symposium on Access Control Models and Technologies,is_part_of,Operating Systems and Virtualisation Security
CHAP,can_detect,OCTAVE
IPS,has_a,incident response
Snort,can_detect,Intrusion Detection
Http,can_detect,clickjacking
authentication,can_detect,Protocol
Border Gateway Protocol,can_exploit,BYOD
NSS,has_a,OpenSSL
command injection,can_exploit,MITM
ATC,has_a,FIPS
BGP,is_part_of,Network Security
DES,implements,Outgoing Eclipse Attacks
HSM,has_a,HTTPS
Nmap,is_part_of,Metasploit framework
phishing,can_exploit,IBE
IDS,has_a,Encryption
networking,uses,Network Functions Virtualisation
networking,uses,ICS
MSF Metasploit framework,is_part_of,Tcpdump
hash function,uses,HMAC
privacy,can_detect,cross-site scripting
LEA,can_detect,policy
advanced persistent threat,has_a,AKA
Control,uses,NSA
scanners,has_a,Port
SOIM,can_exploit,access control
ISI,can_exploit,SOC
OWASP,can_exploit,Tor
"Industrial Control
Systems",is_part_of,Cyber-Physical Systems Security
Encryption,has_a,Fully Homomorphic Encryption
IPS,can_detect,IPsec
access control,can_detect,Network Security Knowledge Area
ICS,has_a,Control
DES,implements,ABE
KEK,has_a,encryption
The Cyber Security Body,can_detect,Authentication Protocol
ISI,can_exploit,Protocol
SOIM,can_detect,IDS
authentication,can_exploit,CHAP
Attacker,uses,established connections
cross-site scripting,can_detect,Firewall
session hijacking,has_a,SHA-256
PKI,has_a,HSM
GDPR,can_detect,privacy
ESP,has_a,PSK
symmetric encryption,is_a,AES
digital forensics,is_part_of,ICS
RAT,uses,ISA
firewall rules,has_a,Blacklist
DES,implements,SENT
CCS,can_exploit,BSIMM
Hardware Security Knowledge Area,can_exploit,APT
man-in-the-middle,can_exploit,malware analysis
MAC,uses,RSA
IDXP,can_exploit,NIS
NICE,can_detect,NIS
PQC,has_a,PPTP
fault injection,can_exploit,RSA
KDF,has_a,hashing
NIST,can_exploit,RSA
Http,uses,Encryption
Key Encapsulation Mechanism,has_a,ISAKMP
Control,uses,SCN
ISI,uses,NIST
PAC,can_detect,Common Criteria
Public Key Infrastructure,has_a,RPKI
VPN,is_part_of,Network Security
Control,uses,DES
social engineering,has_a,LEA
Control,can_exploit,XSS
port scanner,can_analyze,SYN packet
SOP,can_exploit,DES
economy of mechanism,is_a,Security Policy
IDS,has_a,HMAC
Protocol,can_exploit,CLASP
LEA,uses,ESP
CNS,has_a,Http
facilities,has_a,actions
ACC,has_a,DES
LEA,is_part_of,DAST
DES,implements,NCSC
NIST,can_exploit,EAP
OAuth,uses,SAML
TLS,can_exploit,MAC
APT,can_detect,IDS
SOC,has_a,Access Control List
The Cyber Security Body,can_exploit,RSA
authentication,uses,MAC
SMTP,can_exploit,Security Quality Requirements Engineering
NSA,can_exploit,RAT
Internet Message Access Protocol,can_exploit,Protocol
RSA,is_a,elliptic curve
NIST,can_detect,Mobile Security Testing Guide
privacy,can_exploit,DCS
Simple Mail Transfer Protocol,can_exploit,Security Quality Requirements Engineering
Enhanced Interior Gateway Routing Protocol,can_detect,Protocol
SDL,can_detect,CAN
NSA,has_a,access control
policy,uses,ICS
Neighbor Discovery Protocol,can_detect,LAN
privacy,uses,Institute of Information Security Professionals
Distributed Hash Table,uses,ICS
CTI,is_part_of,CAN
SOP,can_detect,integrity
networking,has_a,social engineering
digital signature,can_detect,OWE
Protocol,can_detect,DDoS
Kerberos,can_exploit,cross-site request forgery
NSA,uses,SOC
rsyslog,is_part_of,Syslog
Protocol,can_exploit,IBE
key management,has_a,ISA
BGP,can_detect,FIRST
NSA,uses,Protocol
MAC,can_exploit,policy
GPG,can_detect,CTI
MSTG,can_detect,DES
ICMP,has_a,NIST
Key Infrastructure,uses,Decryption
Industrial Control Systems,can_exploit,LEA
DES,can_exploit,APT
Schemes like Pretty Good Privacy,uses,Protocol
LEA,uses,anonymity
CDA,can_exploit,BYOD
HPC,has_a,Based Cryptography
availability,can_exploit,DDoS
architecture,uses,logs
Public Key Encryption,uses,ORAM
Encryption,can_detect,eavesdropping
RSA,can_exploit,denial of service
LEA,can_detect,OWE
Adversarial Behaviours,is_part_of,Cryptography
CTI,can_detect,SMAP
IDS,can_exploit,Tor
ABE,can_detect,Mandatory Access Control
Threat Intelligence,can_detect,PAC
PAP,uses,DES
WEP,is_part_of,Transport Layer Security
NCA,can_exploit,RSA
Control,can_exploit,Firewall
ports,can_analyze,services
LEA,is_a,SOC
firewall rule,can_analyze,setup
SOP,can_exploit,RSA
ATC,has_a,RSA
"Malware Information Sharing
Platform",is_part_of,Malware and Attack Technologies
device,has_a,state
Key Encryption Key,can_detect,TPM
IoT,can_exploit,ISA
KAS,uses,Encryption
LEA,is_a,Protocol
SQUARE,can_exploit,OWE
policy,can_exploit,Encryption
ATC,can_exploit,Http
Computer Forensic Tool Testing,can_exploit,CFTT
SAML,uses,Protocol
IPsec,has_a,ECC
Tor,uses,NICE
ACC,can_exploit,Outgoing Eclipse Attacks
MAC,has_a,Protocol
Control,can_exploit,SOP
Address Resolution Protocol,can_exploit,policy
AKE,can_detect,SSL
command set,has_a,target ID
Key Encapsulation Mechanism,has_a,MAC
complete mediation,is_a,Security Policy
Key Infrastructure,can_detect,PKCS
RSA,implements,Decryption
Public Key Infrastructure,has_a,ISI
snort rule,can_analyze,Files
SOP,can_exploit,Security Operating Center
Risk Management and Governance,is_part_of,Human Organisational Regulatory
policy,has_a,FIRST
RBAC,is_part_of,"Authentication, Authorisation and Accountability"
POP,uses,DES
accountability,is_part_of,"Authentication, Authorisation and Accountability"
ISI,uses,Policy
DVI,has_a,Open Web Application Security Project
Based Encryption,has_a,incident response
blockchain,has_a,Protocol
CTI,uses,LEA
authentication,can_detect,Control
Key Value Store,can_exploit,IPS
ACC,is_part_of,DES
MAC,uses,POP
Http,can_detect,Tor
Risk Assessment,is_part_of,Tor
NIST,can_exploit,POP
Network Security Knowledge Area,can_detect,CHAP
RAT,is_part_of,"Perform static analysis
security testing"
authentication,has_a,Kerberos
"Wiki
The Open Web Application Security Project",has_a,RAT
Message Authentication Reporting and Conformance,has_a,Control
MAC,can_exploit,ISF
AKE,has_a,Digital Signature
DES,implements,Status Protocol
Firewall,can_detect,WAF
IBE,uses,Identity Based Encryption
CAM,can_exploit,The Cyber Security Body
IoT,is_part_of,IPS
Protocol,has_a,LEA
machine,has_a,IP ID
CSP,has_a,access control
Digital Serial Interface,can_detect,Control
exploit,can_exploit,DES
Trojan,can_detect,Software Security Knowledge Area
ACC,can_detect,SDL
IPS,can_exploit,CDA
CDA,can_exploit,Control
Public Key Cryptography,can_detect,Extensible Authentication Protocol
ISAKMP,can_detect,IPsec
TKIP,can_exploit,TPM
NSA,can_exploit,MAC
AKE,has_a,integrity
Threat Intelligence,can_detect,APT
CTI,is_part_of,LAN
availability,can_exploit,CHAP
GDPR,has_a,DES
Protocol,has_a,Encryption
IMAP,uses,NIST
SDN,has_a,Http
PKE,has_a,authentication
MAC,is_part_of,LEA
AKE,has_a,CTI
NSA,can_exploit,ransomware
Snort,can_exploit,YARA
Tor,uses,CAN
RADIUS,implements,Password Authentication Protocol
Password Authentication Protocol,can_detect,Level Data Link Control
Sql Injection,can_detect,AKE
Snort,uses,detect
Nessus,can_detect,vulnerability
ISI,can_exploit,digital forensics
HSM,can_detect,IBE
machine,has_a,Service
Hellman Key Exchange,uses,FIRST
web server,has_a,hosting
NAT,is_part_of,DES
CLASP,can_exploit,LEA
brute force,can_detect,DES
Control,uses,privacy
Physical Systems Security,can_detect,IDS
SOP,can_exploit,privacy
NIST,can_exploit,Chosen Message Attack
Intrusion Detection,can_exploit,Protocol
networking,can_exploit,HTTPS
SOC,has_a,Encryption
Industrial Control Systems,uses,Tor
hashing,uses,LEA
SOC,is_part_of,ICS
NIST,has_a,Tor
secure coding,has_a,SOC
Internet Message Access Protocol,can_exploit,Control
worm,can_exploit,single sign-on
CTI,has_a,Key Encryption Key
NSA,can_exploit,Transport Layer Security
HTTPS,uses,Http
MAC,can_exploit,UCON
The Cyber Security Body,has_a,authorization
Protocol,uses,reverse engineering
secure coding,has_a,Protocol
policy,can_detect,Security Policy
DAST,is_part_of,Secure Software Lifecycle
SHA-256,implements,hash function
Message Authentication Code,can_exploit,BGP
Security Assertion Markup Language,can_detect,SAML
Tor,can_detect,botnet
Discretionary Access Control,can_detect,Control
ABE,has_a,Internet Security Association and Key Management Protocol
PKI,can_detect,Extensible Authentication Protocol
access control,uses,CHAP
Wireshark,can_analyze,tcpdump pcap
IDS,can_analyze,setup
Metasploitable 2,can_expose,vulnerable
LEA,is_part_of,Decryption
Identity Based Encryption,has_a,Control
The Cyber Security Body,can_detect,ORAM
NFV,uses,networking
The Cyber Security Body,can_exploit,Chosen Message Attack
CTI,can_exploit,IDMEF
RTP,has_a,The Cyber Security Body
phishing,can_exploit,CAM
DDoS,has_a,Direct Memory Access
hacker,implements,attack
IPS,can_exploit,DHT
accountability,uses,LEA
PAC,uses,DES
Access Control List,has_a,integrity
integrity,is_part_of,RSA
RTP,uses,multi-factor authentication
tool,has_a,exploit code
CHAP,has_a,NCA
Preprocessor,can_analyze,HTTP anomalies
Kerberos,implements,Key Derivation Function
NICE,uses,RSA
privacy,has_a,HTTPS
ABAC,has_a,authentication
complete mediation,has_a,LEA
Control,has_a,MD5
symmetric encryption,uses,Kerberos
rsyslog,can_analyze,configuration file
msfconsole,can_analyze,payloads
Internet Key Exchange,can_exploit,IMAP
CTI,uses,ISA
Content Security Policy,has_a,Threat Intelligence
phishing,can_detect,HTTPS
PAP,uses,privacy
IKE,uses,Tor
machine,uses,network traffic
AKE,has_a,Public Key Encryption
AKE,is_part_of,integrity
Security and Privacy,can_detect,Control
Digital Serial Interface,can_detect,ENISA
NCA,has_a,Intrusion Prevention System
LEA,has_a,secure coding
OAuth,can_exploit,Open Web Application Security Project
OWASP,can_exploit,asymmetric encryption
exploit,can_exploit,ASC
network segmentation,uses,PLC
DES,can_exploit,HMAC
ISA,uses,authentication
The Cyber Security Body,can_exploit,AKE
Http,is_part_of,POP
Intrusion Detection System,can_exploit,Access Point
IPS,can_exploit,Message Authentication Code
SSL,is_part_of,RSA
Protocol,is_part_of,Encryption
STRIDE,has_a,APT
DCS,has_a,ARP
MISP,can_exploit,Local Area Network
Security and Privacy,is_part_of,Privacy and Online Rights
SIEM,can_detect,encryption
ISI,uses,Tor
LEA,uses,Http
IPS,can_detect,AKE
Network Address Translation,can_detect,MSTG
policy,has_a,DDoS
Protocol,can_exploit,Tor
MD5,can_exploit,DES
Http,has_a,IBE
Message Authentication Code,can_exploit,ABE
ASC,has_a,CAN
ICS,is_part_of,Risk Management and Governance
NAT,has_a,POP
NCA,has_a,Tor
active,can_analyze,networks
DVI,has_a,Http
Tor,uses,LAN
Control,is_part_of,confidentiality
access control,can_exploit,cross-site scripting
deployed,can_detect,attacks
privacy,can_exploit,Symposium on Security and Privacy
LAN,is_part_of,"Perform dynamic
analysis security
testing"
HIDS,has_a,CTI
NIST,has_a,ECC
KEK,can_detect,APT
ISA,can_exploit,NVD
disk forensics,is_part_of,digital forensics
IP address,can_analyze,Operating System
scanner,can_analyze,Host
CGA,can_exploit,Control
PGP,can_detect,Pointer Authentication Code
Control,uses,Sender Policy Framework
privacy,can_exploit,SOC
POP,can_detect,Protocol
NIST,can_exploit,Authenticated Encryption
WPA,can_detect,cross-site scripting
Local Area Network,can_exploit,Tor
OWASP,can_detect,"Resources
The Open Web Application Security Project"
DSKS,can_detect,ICS
RTP,has_a,authorization
Tor,can_detect,RADIUS
availability,can_detect,LEA
Security Policy,is_part_of,Risk Management and Governance
insider threat,can_harm,confidentiality
privacy,can_exploit,Protocol
PKI,is_part_of,Cryptography
HTTPS,has_a,The Cyber Security Body
auxiliary modules,uses,port scanning
resolve,can_analyze,vulnerable issues
Virtual Private Network,can_detect,WPA
ATC,can_detect,integrity
Protocol,uses,International Conference on Information Networking
Data Encryption Standard,has_a,ISI
threat modeling,has_a,Tor
Simple Mail Transfer Protocol,uses,DES
APT,can_detect,DDoS
anonymity,can_exploit,NIST
policy,is_part_of,Risk Management and Governance
OAuth,can_exploit,Protocol
APT,is_part_of,LEA
Security Policy,uses,Protocol
CHAP,can_detect,ESP
APT,has_a,Identity Based Encryption
IoT,can_exploit,exploit
secure coding,is_part_of,Software Security
ACC,can_detect,NAT
Syslog,can_analyze,standard C library
Public Key Cryptography,uses,Encryption
RSA,implements,policy
ARP,uses,RSA
OWASP,has_a,ISI
Http,can_detect,botnet
ACC,has_a,AKE
Threat Intelligence,has_a,CTI
Public Key Encryption,uses,Hellman Key Exchange
CHAP,has_a,Tor
DES,uses,Tor
virus,has_a,Access Point
Extensible Authentication Protocol,can_detect,PPP
EAP,uses,APT
ICS,has_a,CHAP
Digital Forensics Research Workshop,is_part_of,Security Operations and Incident Management
VXLAN,can_detect,MAC
asymmetric encryption,is_part_of,Cryptography
DES,can_exploit,phishing
Internet Security Association and Key Management Protocol,is_part_of,Cryptography
PAC,can_detect,ABE
firewalls,can_analyze,packets
authentication,uses,DES
ACL,can_detect,Encryption
Flux Advanced Security Kernel,can_detect,MAC
SOP,can_exploit,SSTP
rsyslog,can_analyze,Client
networking,can_exploit,MAC
botnet,has_a,IBE
incident response,is_part_of,RAT
integrity,is_part_of,Risk Assessment
access control,can_exploit,NIST
DHT,has_a,RAT
integrity,can_detect,Protocol
access control,can_exploit,virus
IBAC,has_a,RSA
BSIMM,uses,Resource Public Key Infrastructure
Tor,uses,ISI
NAT,can_exploit,SPF
RAT,can_exploit,NIST
symmetric encryption,uses,hash function
Tor,can_detect,rootkit
accountability,uses,ISA
RSA,implements,The Cyber Security Body
encryption,uses,Supervisor Mode Access Protection
Intrusion Detection,can_exploit,availability
NIST,uses,access control
IPsec,has_a,Supervisory Control and Data Acquisition
Intrusion Detection,can_exploit,Control
ransomware,has_a,Http
MPC,can_detect,The Cyber Security Body
Content Security Policy,can_exploit,policy
Vulnerability Assessment,can_exploit,DDoS
asymmetric encryption,can_exploit,Network Time Protocol
timeout,can_analyze,dropped packets
IoT,can_exploit,LAN
ECC,has_a,elliptic curve
intrusion prevention,can_detect,ICS
access control,can_detect,worm
HAC,can_exploit,Tor
Chosen Message Attack,can_exploit,SOP
PAC,can_detect,availability
ISA,can_detect,Control
Packet Decoder,has_a,protocols
Penetration Testing,uses,Nmap
Key Derivation Function,has_a,policy
DHKE,can_exploit,DES
Suricata,uses,Protocol
PAC,can_detect,Control
Intrusion Detection System,can_exploit,NIST
threat modeling,is_part_of,Secure Software Lifecycle
ASC,has_a,LAN
DAST,is_part_of,CTI
SOC,can_detect,HTTPS
NAT,has_a,AKE
OWE,can_exploit,The Cyber Security Body
SIEM,can_detect,Intrusion Detection Systems
hash function,is_part_of,Cryptography
OWE,can_detect,Protocol
machines,has_a,slow down responses
TLS,is_part_of,Cryptography
IPsec,can_exploit,Protocol
HSM,can_detect,Tor
hosting,can_analyze,website
BYOD,can_exploit,availability
OWASP,can_exploit,IPS
server side,uses,Folder
MD5,implements,AKE
access,can_analyze,logs
show options command,has_a,parameters
BYOD,can_exploit,Control
APT,has_a,LEA
Local Area Network,can_exploit,YARA
TLS,can_detect,dictionary attack
Decryption,uses,ICS
Http,uses,CSCG
SPF,is_part_of,policy
POP,can_detect,phishing
IPS,can_exploit,Http
MAC,has_a,Address Resolution Protocol
sandboxing,can_detect,ICS
Protocol,uses,Fully Homomorphic Encryption
secure boot,has_a,NSA
KAS,can_detect,botnet
SHA-1,can_exploit,DES
multi-factor authentication,uses,ACL
Level Data Link Control,can_detect,IKE
CAM,can_detect,FIRST
PAC,uses,privacy
KVS,can_exploit,Tor
threat modeling,is_part_of,Tor
Authentication Protocol,can_exploit,RAT
SOC,can_detect,RAT
integrity,uses,non-repudiation
Intrusion Detection System,can_detect,SIEM
DMARC,has_a,encryption
The Network and Distributed System Security Symposium,is_part_of,Distributed Systems Security
VPN,can_detect,WEP
SAST,can_exploit,Direct Memory Access
access control,uses,Security Policy
ARP,has_a,Protocol
ISA,can_detect,NIS
Protocol,has_a,Based Encryption
Access Point,can_exploit,APT
DAST,has_a,Control
AES,is_part_of,Cryptography
authentication,uses,EAP
ENISA,uses,SOC
The Cyber Security Body,can_detect,Mobile Security Testing Guide
CHAP,is_part_of,Tor
DDoS,is_part_of,Network Security
scripts,can_analyze,user interfaces
Decryption,uses,reverse engineering
ABE,has_a,Mandatory Access Control
digital forensics,is_part_of,Forensics
CHAP,can_exploit,CFG
NCA,has_a,HPC
ACC,uses,RAT
NIST,has_a,Hellman Key Exchange
NIST,uses,hashing
CAM,is_part_of,APT
Decryption,is_part_of,AKA
Programmable Logic Controller,can_detect,Password Authentication Protocol
three-way handshake,has_a,port scanner
perform,can_detect,DOS
PAC,has_a,Authentication and Key Agreement
NIST,can_detect,Http
SIEM,can_detect,DES
ATC,can_exploit,privacy
Digital Signature,can_exploit,disaster recovery
RAT,can_detect,GDPR
exploit,can_exploit,AKE
LEA,uses,DES
ICS,uses,LEA
open,can_analyze,machine
NSS,can_exploit,RSA
Protocol,uses,Hypertext Transfer Protocol
TLS,uses,CHAP
window,has_a,session
AKE,has_a,SSL
IBE,can_exploit,DES
MAC,uses,PAP
Firewalls,has_a,block
integrity,can_exploit,Decryption
IMAP,can_exploit,Intrusion Detection System
privacy,can_exploit,availability
RSA,implements,UCON
CVSS,can_analyze,vulnerability
access control,is_part_of,Tor
anonymity,has_a,Encryption
ransomware,can_exploit,exploit
command injection,can_detect,LEA
non-repudiation,can_exploit,denial of service
ISI,is_a,IDS
availability,can_exploit,CBAC
Tor,uses,TNC
Control,can_exploit,fault injection
authentication,can_detect,CHAP
secure coding,is_part_of,Control
policy,uses,LEA
DES,is_part_of,FIPS
Http,has_a,Tor
remote host,uses,configuration file
integrity,can_exploit,ICS
denial of service,can_detect,DDoS
ACC,is_part_of,Operating Systems and Virtualisation Security
KDF,uses,Key Derivation Function
NCSC,can_detect,Network Functions Virtualisation
Network Security Knowledge Area,has_a,CHAP
EAP,uses,Protocol
POP,has_a,APT
NSS,can_detect,botnet
exploit,can_exploit,clickjacking
Message Authentication Reporting and Conformance,is_part_of,"Authentication, Authorisation and Accountability"
business continuity,can_detect,ISI
RAT,has_a,HIDS
Decryption,can_exploit,Tor
Extensible Authentication Protocol,can_detect,PKE
privacy,can_exploit,digital forensics
SSL,can_exploit,Decryption
Public Key Encryption,has_a,IBE
TLS,can_detect,authentication
HMAC,can_detect,MITM
NIST,can_exploit,CAM
access control,is_a,NIST
DES,implements,Internet Key Exchange
authentication,has_a,Protocol
Control,has_a,CHAP
ACC,has_a,SDL
policy,uses,Encryption
FAIR,can_detect,PAC
Internet Protocol,has_a,MAC
ACC,has_a,Advanced Encryption Standard
zero-day,can_detect,SOC
PAP,is_part_of,SOC
NCA,has_a,Public Key Encryption
AKE,can_exploit,hash function
Hellman Integrated Encryption Scheme,has_a,NSS
Key Value Store,can_exploit,Local Area Network
SOC,can_detect,authentication
ESP,can_exploit,CTI
NAT,can_detect,IDS
DES,implements,threat modeling
integrity,can_detect,availability
target,has_a,IP address
IDLE scan,can_analyze,spoofing
Snort,can_analyze,tcpdump pcap
elliptic curve,implements,EIGRP
availability,uses,DES
source,has_a,Port
enumerate,has_a,user accounts
SOP,can_detect,Http
DES,implements,SPF
LEA,can_detect,CAN
single sign-on,uses,SAML
nodes,has_a,Firewall
Protocol,can_detect,DSKS
Sql Injection,has_a,AKE
DES,can_exploit,Snort
NCA,can_detect,ABE
Control,can_detect,DSKS
HSTS,has_a,HDLC
authentication,uses,POP
NCA,uses,Transport Layer Security
ESP,can_detect,DES
HTTPS,has_a,Encryption
BGP,can_exploit,BSIMM
MD5,has_a,Tor
IBAC,has_a,NIST
hashing,can_exploit,RTP
HTTPS,is_part_of,ICS
hashing,can_detect,Tor
Programmable Logic Controller,can_detect,authentication
Security and Privacy Workshops,is_part_of,Privacy and Online Rights
encryption,can_detect,NSA
authorization,has_a,RPKI
privacy,can_detect,ACC
integrity,has_a,DNSSEC
NIST,has_a,ESP
Point Protocol,has_a,NAT
CHAP,can_exploit,APT
authentication,can_detect,side-channel attack
Message Authentication Code,can_exploit,Border Gateway Protocol
SOC,uses,Decryption
digital forensics,uses,ICS
CISSP,uses,Institute of Information Security Professionals
CTI,can_exploit,DES
CTI,has_a,NIST
NCSC,uses,National Cyber Security Centre
IPS,has_a,block
Protocol,has_a,Trojan
Protocol,can_detect,PKCS
networking,can_exploit,RTP
MPLS,can_detect,Control
networking,can_detect,Tor
POP,can_detect,FIRST
MAC,can_detect,access control
malware analysis,can_exploit,LEA
DES,can_detect,APT
Message Authentication Reporting and Conformance,has_a,ARP
Protocol,can_exploit,asymmetric encryption
Risk Assessment,can_exploit,LEA
IoT,has_a,ATC
policy,has_a,Security Policy
FHE,can_detect,Encryption
Encryption,can_detect,Key Encryption Key
packet logger,can_analyze,Data
IMAP,can_exploit,IKE
Snort Rules,can_analyze,System Variables
IPS,can_detect,DVI
SCADA,can_exploit,Tor
OWASP,can_exploit,Http
anonymity,can_exploit,Tor
Software Security Knowledge Area,can_exploit,IBE
SOC,uses,ICS
Control,is_a,Access Control List
MAC,uses,integrity
integrity,has_a,Tor
NSA,has_a,OWASP
SSL,can_exploit,ACL
Internet Protocol,can_exploit,Control
blocked,is_part_of,portmapper
ARP,has_a,Control
PLC,can_detect,Key Derivation Function
The Cyber Security Body,can_detect,RAT
DVI,can_exploit,Control
POP,has_a,networking
netdiscover,can_analyze,Kali Linux machine
Encryption,uses,ICS
SYN Flood,is_part_of,accidental
Snort,can_analyze,configuration files
TLS,can_detect,denial of service
ORAM,can_exploit,NIS
ESP,can_exploit,Simple Mail Transfer Protocol
RSA,implements,Encryption
Firewall,has_a,established connection
HTTP,has_a,Hypertext Transfer Protocol
Supervisory Control and Data Acquisition,can_detect,SAML
Discretionary Access Control,has_a,cloud security
scripts,can_analyze,3rd party services
CTI,can_detect,TLS
SMAP,can_detect,LAN
Cryptographically Generated Address,has_a,ransomware
DES,is_part_of,RSA
SOC,can_exploit,TKIP
PSK,has_a,RAT
CTI,has_a,IBE
NIST,can_detect,KAS
Intrusion Detection Systems,can_detect,Tor
AEAD,has_a,ACL
IBC,has_a,HIPAA
Nmap,can_analyze,exposed
phishing,has_a,HTTPS
logging system,can_analyze,System Log
symmetric encryption,uses,Protocol
Protocol,can_exploit,Key Infrastructure
AES,implements,AKA
Threat Intelligence,is_part_of,APT
SSL,has_a,Tor
Security and Privacy,has_a,Control
Protocol,can_exploit,OEA
authentication,can_exploit,SOP
target,has_a,RFC 793
MAC,can_exploit,CAN
Digital Signature,uses,MAC
Protocol,uses,LEA
PGP,uses,Schemes like Pretty Good Privacy
Protocol,can_exploit,CDA
Internet Security Association and Key Management Protocol,is_part_of,Security Operations and Incident Management
NIST,can_detect,DES
IP address,is_part_of,Intrusion Detection Systems
Protocol,has_a,ISI
access control,can_exploit,replay attack
The Cyber Security Body,can_exploit,CTI
integrity,can_detect,symmetric encryption
exploits,has_a,Flash player
SE,is_part_of,Secure Software Lifecycle
SAST,is_part_of,penetration testing
HAC,has_a,HTTPS
Snort,has_a,Data Flow
PKI,has_a,RTP
NSS,can_detect,ESP
IBE,has_a,NCA
HTTPS,can_detect,ISI
Kerberos,implements,SAML
exploit,can_detect,DES
CGA,can_exploit,CHAP
integrity,uses,RTP
PAN,can_detect,Pointer Authentication Code
Wired Equivalent Privacy,can_detect,firewall
authentication,uses,AKE
XSS,can_harm,integrity
SOC,is_part_of,LEA
Protocol,uses,Encryption
POP,has_a,Protocol
NSA,can_detect,MAC
NIST,can_exploit,botnet
threat modeling,has_a,ESP
ISI,has_a,Kerberos
DES,implements,Decryption
safe script,has_a,Safe
IDS,uses,elliptic curve
SIEM,is_part_of,Security Operations and Incident Management
hash function,can_exploit,Tor
Intrusion Detection System,can_exploit,PAP
ACC,can_exploit,SPF
IoT,can_exploit,IBC
AKE,can_detect,code injection
OpenSSL,is_part_of,Applied Cryptography
denial of service,can_exploit,Encryption
access control,can_exploit,CAM
Transport Layer Security,uses,POP
ATC,can_detect,Protocol
SOC,is_part_of,Encryption
Public Key Encryption,uses,Public Key Cryptography
firewall,can_detect,Virtual Private Network
ISI,uses,anonymity
DIMVA,can_exploit,ransomware
setup,has_a,open
OWASP,can_detect,PAP
policy,is_part_of,Security Policy
SOC,can_exploit,Tor
SHA-1,has_a,Tor
authentication,has_a,Control
access control,can_detect,RBAC
users,uses,system
Threat Intelligence,has_a,CSP
The Cyber Security Body,can_detect,GDPR
NCA,has_a,anonymity
multi-factor authentication,is_part_of,"Authentication, Authorisation and Accountability"
DES,implements,ICS
incident response,has_a,IPsec
Security Operating Center,has_a,policy
Intrusion Prevention Systems,can_detect,Security Information and Event Management
scanning,can_detect,Packet Forgery
PKI,uses,certificate
MAC,can_detect,MSTG
SPF,can_exploit,Tor
MAC,uses,hash function
Control,can_detect,PKE
Forum of Incident Response and Security Teams,can_detect,ICS
ABE,has_a,authentication
DHIES,uses,KEM
Control,can_exploit,ISI
ACC,can_detect,GCI
RAT,has_a,HTTPS
Encryption,can_exploit,Tor
availability,can_exploit,The Cyber Security Body
Status Protocol,can_exploit,NTP
privacy,is_part_of,RBAC
privacy,has_a,DES
Computer Forensic Tool Testing,can_exploit,Chosen Message Attack
Risk Assessment,uses,Tor
availability,uses,privacy
APT,has_a,CAN
OEA,can_exploit,ISA
BGP,can_exploit,authentication
PKI,can_detect,Tor
access control,has_a,Key Infrastructure
Suricata,uses,Intrusion Detection System
CHAP,can_exploit,Protocol
ISI,uses,SSL
DES,implements,reverse engineering
LEA,has_a,ISA
authentication,can_exploit,single sign-on
SSL,can_exploit,policy
AKE,can_exploit,networking
The Cyber Security Body,can_exploit,Simple Mail Transfer Protocol
Digital Signature,can_detect,Control
IBE,can_detect,ESP
Client,has_a,hostname
Control,can_detect,digital signature
SOP,has_a,SSL
worm,can_detect,XSS
Intrusion Prevention System,has_a,Protocol
The Cyber Security Body,can_exploit,hash function
Identity Based Encryption,has_a,IBC
NAT,has_a,Kerberos
RBAC,can_exploit,NIST
Supervisory control and data acquisition,can_detect,CAN
NIST,can_detect,KEM
Control,is_a,LEA
code review,can_exploit,APT
ARP,has_a,Address Resolution Protocol
MAC,is_a,SOP
Protocol,is_part_of,ISI
AKE,has_a,accountability
Public Key Encryption,can_exploit,AES
NAT,can_exploit,The Cyber Security Body
Internet Protocol,has_a,key management
Risk Assessment,is_part_of,Http
integrity,uses,DES
port state,can_analyze,target
incident response,has_a,RSA
policy,can_detect,DSS
hash function,can_exploit,ECC
DES,implements,ACL
authentication,can_detect,EIGRP
SAML,can_detect,LAN
SE,is_part_of,Physical Layer and Telecommunications Security
MD5,implements,integrity
LAN,can_detect,authentication
TCP/UDP ports,can_analyze,target
NAT,has_a,CTI
Resolution Protocol,has_a,Shared Key
SOC,can_detect,RTP
DES,implements,DRM
SIEM,can_detect,AKE
Port,can_analyze,machine
destination,has_a,RESET
RSA,implements,IDS
POP,is_part_of,Protocol
TPM,can_exploit,MAC
LAN,has_a,NCA
botnet,can_detect,BGP
Digital forensics,has_a,ARP
PQC,has_a,PST
HSTS,has_a,Http
Controller Area Network,can_exploit,BSIMM
Encryption,has_a,HTTPS
ISI,can_detect,ISA
Http,has_a,RADIUS
TLS,uses,ATC
Snort Rules,can_analyze,setup
ISI,has_a,DCS
Multiprotocol Label Switching,uses,botnet
RAT,can_exploit,CTI
PAC,can_exploit,Fully Homomorphic Encryption
NVD,can_exploit,Status Protocol
Intrusion Detection,uses,MAC
SOP,can_exploit,hash function
ABE,has_a,Security Information and Event Management
IDMEF,can_exploit,IoT
Sql Injection,can_exploit,High Performance Controller
Network Functions Virtualisation,has_a,PAP
Control,uses,separation of duties
anonymity,can_exploit,botnet
Advanced Encryption Standard,has_a,ACL
The Cyber Security Body,can_exploit,Common Criteria
Open Web Application Security Project,can_exploit,Network Time Protocol
Control,can_harm,PLC
HAC,can_exploit,anonymity
map,can_analyze,networks
encryption,has_a,ABE
exploit,can_exploit,Digital Signature
DDoS,has_a,LEA
access control,can_detect,cross-site scripting
phishing,can_detect,RSA
HMAC,implements,Hypertext Transfer Protocol
availability,can_detect,ISI
ISI,can_detect,phishing
ACC,is_part_of,NAT
authentication,can_detect,access control
ransomware,can_detect,ACL
Perform Static Analysis Security Testing,is_part_of,Software Security
Based Encryption,can_exploit,authentication
GDPR,can_detect,LEA
authentication,can_detect,ATC
elliptic curve,implements,The Cyber Security Body
privacy,can_detect,SOC
access control,can_detect,POP
NIST,can_exploit,APT
replay attack,can_exploit,SOC
MAC,can_detect,The Cyber Security Body
closed,can_analyze,target
Intrusion Detection System,can_exploit,CTI
CTI,has_a,Remote Access Trojan
privacy,is_part_of,Risk Assessment
ICS,uses,network segmentation
Firewall,has_a,blocked
msfconsole,can_analyze,user interface
replay attack,can_exploit,Protocol
DNSSEC,can_exploit,privacy
ARP,has_a,Resolution Protocol
MAC,can_exploit,ISI
FAIR,uses,authentication
DES,implements,secure coding
NSE,has_a,post scan scripts
Snort,uses,sniff
ISI,can_exploit,access control
NIST,has_a,Http
PAC,can_detect,side-channel attack
Risk Assessment,can_detect,policy
CTI,can_detect,ESP
National Cyber Security Centre,uses,HTTPS
AKE,can_detect,Internet Key Exchange
Control,can_exploit,TNC
SSL,has_a,botnet
ISI,can_detect,IDS
buffer overflow,can_exploit,software security
ISI,can_detect,SOUPS
"Workshop on the economics of
information security and privacy",is_part_of,Privacy and Online Rights
SAML,uses,Security Policy
HTTPS,has_a,CAN
CAM,uses,APT
ISI,uses,PCI DSS
CTI,has_a,Tor
IPS,uses,ISI
VXLAN,can_detect,cross-site scripting
RSA,can_exploit,Tor
Encryption,can_exploit,Distributed Hash Table
botnet,can_exploit,ICS
Encapsulation Security Payload,can_detect,DSS
Port,is_part_of,Nmap
KDF,can_detect,Public Key Cryptography
IoT,uses,NSA
err,can_analyze,error
AKE,can_exploit,man-in-the-middle
DES,can_detect,phishing
DNS spoofing,can_exploit,network
Message Authentication Code,can_detect,Protocol
PKI,can_detect,TLS
IDXP,can_exploit,The Cyber Security Body
OAuth,can_detect,APT
Cyber Kill Chain,can_exploit,PAC
applications,uses,packets
PAC,is_part_of,Control
Security Policy,has_a,policy
security awareness,can_detect,APT
intrusion detection,has_a,IBC
HIDS,has_a,accountability
Fi Protected Access,can_detect,access control
"Web
Application Firewalls",is_part_of,Network Security
MD5,implements,hash function
Hypertext Transfer Protocol,has_a,HIPAA
access control,can_detect,NIST
virus,can_exploit,PAC
zombie,has_a,IP ID
ABE,can_exploit,CFRG
IDSs,can_analyze,Suspicious
Hashcat,can_exploit,password
integrity,can_detect,code injection
IoT,can_exploit,Penetration Testing
clients,uses,messages
Encryption,uses,ISF
privacy,uses,non-repudiation
Encryption,is_part_of,Applied Cryptography
POP,uses,PKI
SCADA,can_detect,IBE
asymmetric encryption,can_exploit,IPS
exploit,can_exploit,botnet
ICS,has_a,The Cyber Security Body
blockchain,is_a,LEA
MAC,can_detect,privilege escalation
Extensible Authentication Protocol,can_detect,NCA
CFG,can_exploit,encryption
virus,can_exploit,HAC
DES,implements,policy
Privacy Enhancing Technologies,is_part_of,Privacy and Online Rights
intrusive script,has_a,aggressive
symmetric encryption,has_a,Encryption
Discretionary Access Control,can_detect,access control
NDP,can_detect,Internet Key Exchange
Networking,can_detect,Supervisory control and data acquisition
AKE,uses,Tor
CHAP,can_exploit,Software Security Knowledge Area
use command,can_analyze,information
ECC,can_detect,Authentication Protocol
ACC,has_a,APT
ISI,uses,Http
CHAP,can_exploit,Control
Protocol,can_detect,KDF
ICS,can_exploit,cross-site scripting
DES,uses,PCI DSS
OEA,can_exploit,FIRST
IPS,can_exploit,TPM
asymmetric encryption,can_exploit,Open Web Application Security Project
APT,has_a,Common Vulnerability Scoring System
NCA,has_a,Http
An Oblivious Random Access Memory,can_detect,LEA
OAuth,can_exploit,NVD
SOP,has_a,Http
ISA,is_part_of,NIS
code review,can_exploit,Protocol
Level Data Link Control,can_exploit,authentication
ORAM,can_detect,OWE
Protocol,is_a,AKA
Code Protocol,can_exploit,Controller area network
NCA,has_a,KEK
CVE,has_a,CSRF
SCADA,is_part_of,Cyber-Physical Systems Security
ISA,has_a,SENT
spear phishing,can_exploit,phishing
NSS,can_detect,Http
Intrusion Detection Systems,can_exploit,POP
ISA,uses,AKE
ports,can_analyze,transmitted packets
Access Point,can_exploit,MPC
Password Authentication Protocol,can_detect,Privileged Access Never
Direct Memory Access,can_exploit,disaster recovery
Intrusion Prevention System,has_a,intrusion prevention
CTI,can_exploit,return-oriented programming
Digital Signature,has_a,integrity
Public Key Encryption,can_detect,PCI DSS
access control,can_exploit,asymmetric encryption
ENISA,has_a,International Conference on Information Networking
RAT,can_exploit,Common Criteria
Open Web Application Security Project,has_a,HTTPS
Authentication Protocol,can_detect,RAT
evading,has_a,IDS
IPsec,has_a,ASC
access control,can_detect,Discretionary Access Control
Symposium on Security and Privacy,is_part_of,Privacy and Online Rights
FAIR,can_detect,Control
integrity,uses,privacy
ATC,can_exploit,AES
Cyber Kill Chain,uses,RSA
Http,has_a,DHT
cross-site scripting,can_detect,worm
clickjacking,can_detect,HTTPS
RSA,is_part_of,Cryptography
Policy,uses,"Large public consortia such
as Cyber Defence Alliance Limited"
CAN,can_exploit,NIST
MAC,has_a,access control
Control,can_exploit,MAC
OEA,can_exploit,OAuth
PAKE,has_a,hashing
MAC,can_exploit,TNC
PGP,uses,Encryption
Penetration Testing,can_exploit,DES
IPS,can_detect,SSL
ABAC,has_a,Authenticated Encryption
MAC,has_a,ATC
FHE,has_a,Encryption
RSA,has_a,elliptic curve
NIS,can_detect,ABE
Intrusion Prevention System,has_a,NIS
ISA,has_a,Control
CHAP,has_a,Http
Digital Signature,uses,DES
PAC,has_a,Control
integrity,can_exploit,LEA
NICE,can_detect,Multiprotocol Label Switching
RSA,can_exploit,YARA
Http,has_a,Open Web Application Security Project
integrity,uses,POP
NSE,uses,ARP Ping Scan
Public Key Encryption,uses,RSA
ECC,is_a,Encryption
DES,implements,HAC
DMA,has_a,Message Authentication Reporting and Conformance
Virtual Private Network,can_detect,MAC
Protected Extensible Authentication Protocol,can_detect,EAP
Controller Area Network,can_exploit,Message Authentication Code
cloud security,is_part_of,Distributed Systems Security
Control,has_a,CVE
AKE,can_exploit,Control
DES,implements,ISF
Internet Protocol,can_exploit,CHAP
NIST,can_exploit,SOC
access control,can_detect,clickjacking
anonymity,can_detect,POP
Transport layer security,can_exploit,integrity
networking,can_detect,SIEM
PAP,can_detect,KDF
MAC,uses,Protocol
SENT,can_exploit,CTI
security policy,is_part_of,Web and Mobile Security
ACC,can_detect,FIRST
exploit,can_detect,AKE
NIST,can_exploit,Protocol
The Cyber Security Body,has_a,RAT
clickjacking,can_exploit,CLASP
ATC,can_detect,symmetric encryption
Transport layer security,can_exploit,TLS
CAM,can_exploit,RAT
Tor,can_exploit,AES
YARA,can_detect,malware
Http,can_exploit,Vulnerability Assessment
Security Assertion Markup Language,can_detect,Supervisory Control and Data Acquisition
Trojan,has_a,RARP
integrity,can_exploit,Encryption
incident response,is_part_of,Risk Assessment
Mobile Security Knowledge Area,is_part_of,Web and Mobile Security
SAE,can_detect,Security Assertion Markup Language
Security Policy,can_exploit,sandboxing
phishing,can_detect,sandboxing
networking,can_exploit,IBE
IPS,is_part_of,network security
privacy,can_detect,Control
HDLC,has_a,Strict Transport Security
side-channel attack,can_exploit,Key Infrastructure
Authenticated Encryption,has_a,ABAC
IBAC,has_a,HPC
RAT,can_exploit,ESP
Hellman Integrated Encryption Scheme,uses,Encryption
PQC,can_exploit,APT
ISA,has_a,NIS
LEA,can_detect,Intrusion Detection
POP,uses,APT
authentication,uses,Digital Signature
Message Authentication Code,can_exploit,ICS
Cryptographically Generated Address,can_exploit,encryption
Encryption,can_detect,IBE
Tor,uses,RBAC
Control,is_part_of,CHAP
The Cyber Security Body,can_exploit,Protocol
Control,can_detect,WPA
HAC,can_exploit,Http
Firewall,is_a,Network Address Translation
DES,can_detect,MD5
KDF,has_a,ISAKMP
Security Assertion Markup Language,can_detect,SIEM
NIST,has_a,DES
TLS,can_exploit,integrity
denial-of-service attacks,can_harm,target
user accounts,can_analyze,target machine
HTTP,has_a,Data Encryption Standard
Control,uses,LEA
incident response,has_a,Discretionary Access Control
LEA,is_part_of,CAN
ISI,can_detect,Intrusion Detection System
Protocol,is_part_of,Applied Cryptography
HTTPS,has_a,ISI
Extensible Authentication Protocol,can_detect,Protected Extensible Authentication Protocol
Intrusion Detection,has_a,PAC
module,has_a,default
PAC,can_exploit,Encryption
HSM,can_detect,KEK
National Cyber Security Centre,can_detect,ABE
Opportunistic Wireless Encryption,can_exploit,LEA
cloud security,has_a,Discretionary Access Control
Based Access Control,has_a,RAT
ACC,uses,Distributed Systems Security
PAN,can_exploit,SQUARE
PAC,is_a,Firewall
LEA,can_detect,denial of service
DNSSEC,has_a,integrity
Intrusion Detection,uses,Intrusion Detection Systems
Security Policy,can_exploit,IBE
phishing,can_detect,IBE
SOP,can_exploit,SOC
TLS,is_part_of,Applied Cryptography
SOC,uses,LEA
privacy,can_exploit,Security Extensions
IDS,can_analyze,remote system
Security Quality Requirements Engineering,can_exploit,The Cyber Security Body
GDPR,uses,Http
POP,is_part_of,FIRST
Key Derivation Function,is_a,KDF
SPF,can_exploit,Key Infrastructure
authentication,has_a,CHAP
Password Authentication Protocol,can_detect,PLC
ISI,can_exploit,The Cyber Security Body
Protocol,uses,LAN
TKIP,can_exploit,Control
Packet Decoder,can_analyze,header anomalies
Tor,uses,Access Point
CAM,can_exploit,advanced persistent threat
SOC,can_detect,POP
access control,can_exploit,IPS
Encryption,uses,LEA
Digital Serial Interface,can_exploit,ISI
Key Infrastructure,has_a,Tor
NSS,can_exploit,NAT
AKE,can_exploit,FIRST
Discretionary Access Control,has_a,Common Vulnerability Scoring System
NCA,is_part_of,Key Encapsulation Mechanism
OpenSSL,uses,HTTPS
SOC,uses,Encryption
PCI DSS,implements,Security Policy
DES,can_detect,exploit
Detection alert,can_analyze,IP packets
forwarding,can_analyze,Client
TLS,has_a,authentication
Control,can_detect,NCA
The Cyber Security Body,is_part_of,RAT
SOP,uses,NIST
Sql Injection,can_detect,Control
Protocol,can_exploit,Tcpdump
ENISA,can_detect,Intrusion Detection
ECC,uses,HMAC
EAP,can_detect,authentication
NFV,can_detect,MAC
Open Web Application Security Project,can_detect,HTTP
race condition,has_a,IBE
SOC,is_part_of,Trojan
Protocol,has_a,Key Encryption Key
access control,has_a,Authenticated Encryption with Associated Data
access control,is_part_of,Http
Security Extensions,can_exploit,LEA
Outgoing Eclipse Attacks,is_part_of,network security
NIST,has_a,TISSEC
Nmap,has_a,timing modes
symmetric encryption,is_part_of,Cryptography
The Cyber Security Body,can_detect,NDP
ACC,can_detect,Programmable Logic Controller
DCS,can_exploit,Tor
Tor,uses,Risk Assessment
privacy,can_detect,symmetric encryption
Firewall,has_a,rules
intrusion detection,can_exploit,advanced persistent threat
POP,has_a,IKE
TLS,can_detect,Challenge Handshake Authentication Protocol
MAC,can_exploit,Transport Layer Security
The Cyber Security Body,can_detect,RSA
availability,can_detect,denial of service
network segmentation,can_detect,lateral movement
authorization,is_part_of,"Authentication, Authorisation and Accountability"
threat modeling,has_a,DES
Snort,has_a,configurations
privacy,uses,RTP
PCI DSS,can_detect,Protected Extensible Authentication Protocol
ISAKMP,can_detect,IPS
NSS,has_a,SSL
GDPR,can_detect,FIRST
authentication,uses,Simple Mail Transfer Protocol
CHAP,has_a,KAS
plugins,has_a,scripts
IBE,can_exploit,Digital Signature
side-channel attack,can_detect,AKE
AKE,can_exploit,exploit
FAIR,has_a,SOC
Windows XP,has_a,Nping
ACL,can_exploit,NIST
ISA,uses,National Cyber Security Centre
Access Point,has_a,ASC
Authentication Protocol,can_exploit,CLASP
Security Information and Event Management,can_detect,The Cyber Security Body
Key Infrastructure,can_exploit,SSTP
NFV,uses,Network Functions Virtualisation
NAT,can_exploit,intrusion detection
DES,implements,single sign-on
ARP spoofing,can_exploit,Network
CHAP,has_a,DES
zero trust,is_part_of,network security
SP,is_part_of,Adversarial Behaviours
Message Authentication Code,can_detect,FIRST
NSA,can_exploit,integrity
DVI,has_a,NAT
Kerberos,implements,ECC
Vulnerability Assessment,can_exploit,CCS
Industrial Control Systems,has_a,LEA
systems,has_a,TCP protocol
reverse engineering,can_detect,Open Web Application Security Project
authentication,can_detect,SOP
KDF,can_detect,EAP
DES,implements,LEA
Challenge Handshake Authentication Protocol,can_exploit,Policy
privacy,can_exploit,access control
DMA,can_exploit,Tor
machine,uses,authlog
AES,implements,encryption
NICE,uses,networking
IDS,can_detect,Tor
FAIR,uses,DES
networking,can_exploit,IDPS
POP,uses,Protocol
Metasploit,uses,exploits
SE,is_part_of,Cyber-Physical Systems Security
Common Criteria,has_a,BSIMM
fragment,can_analyze,byte
msfconsole,has_a,back command
ISI,has_a,phishing
Firewall,has_a,response
Intrusion Detection System,can_exploit,Protocol
Industrial Control Systems,is_part_of,ICS
Tor,uses,sandboxing
IBE,can_detect,SCN
SOC,can_detect,AKE
OWASP,can_detect,SOC
DES,implements,Encryption
DSKS,can_detect,LAN
SOC,can_detect,IBE
DHKE,has_a,TLS
IBE,can_detect,DES
Password Authentication Protocol,can_detect,CAN
CHAP,uses,ESP
Fifteenth Symposium on Usable Privacy and Security,is_part_of,Privacy and Online Rights
separation of duties,can_exploit,PKI
RSA,implements,QKD
elliptic curve,is_part_of,Cryptography
HAC,can_exploit,DES
NIST,can_exploit,NIS
exploit,can_exploit,Protocol
NIST,can_detect,ICS
DSS,can_detect,Encapsulation Security Payload
man-in-the-middle,can_exploit,DES
HAC,has_a,RSA
access control,can_detect,CAM
Access Control List,is_part_of,Operating Systems and Virtualisation Security
Fi Protected Access,can_detect,Firewall
sending,has_a,ACK
SDL,can_detect,Supervisory control and data acquisition
Cyber Kill Chain,can_analyze,attack lifecycle
Network Address Translation,can_detect,MPLS
CTI,has_a,ESP
OWASP ZAP,can_detect,web security
The Cyber Security Body,can_detect,"Resources
The Open Web Application Security Project"
LEA,is_part_of,ISI
scanning,can_analyze,Vulnerabilities
TLS,can_detect,PEAP
hash function,can_detect,"Sextortion is becoming such a relevant threat that crime prevention agencies such as the
National Crime Agency"
Http,can_exploit,networking
integrity,can_detect,access control
Human Factors,is_part_of,Human Organisational Regulatory
Restart,can_analyze,rsyslog server
ASC,has_a,Risk Assessment
AKE,has_a,threat modeling
templates,can_analyze,Files
Cryptography,is_part_of,Systems Security
Windows OS,has_a,slowdown feature
KEM,has_a,NCA
National Security Agency,can_exploit,Open Web Application Security Project
CLASP,uses,Lightweight Application Security Process
NICE,uses,Protocol
integrity,has_a,Http
DAC,can_detect,Discretionary Access Control
Encryption,can_detect,Tor
ESP,has_a,Content Security Policy
VPN,can_detect,WPA
NAT,is_part_of,SOC
reverse-DNS resolution,has_a,responsive
FIRST,can_exploit,NIST
anonymity,can_exploit,ABE
access control,can_exploit,BYOD
privacy,can_detect,Programmable Logic Controller
NSS,is_part_of,SSL
Nmap,uses,RPC scanning
policy,can_detect,Mandatory Access Control
CFTT,can_exploit,CLASP
Protocol,can_detect,SHA-256
accountability,can_detect,authentication
SOC,can_detect,Authenticated Encryption
RAT,has_a,HTTP
SOC,uses,IDS
Tor,uses,IBE
intrusion prevention,has_a,Kerberos
ISF,can_exploit,Tor
access control,has_a,RSA
authentication,can_exploit,ISI
IPS,has_a,Tor
Tor,uses,Discretionary Access Control
Point Protocol,has_a,Address Resolution Protocol
Tor,implements,anonymity
separation of duties,can_exploit,SQUARE
IRGC,has_a,IPsec
ABAC,has_a,integrity
integrity,can_exploit,incident response
scripts,has_a,network noise
secure boot,has_a,PAC
Supervisor Mode Access Protection,can_detect,Tor
SSL,has_a,Http
networking,can_exploit,CAM
HIDS,has_a,Level Data Link Control
LAN,has_a,SIEM
Http,can_exploit,SOC
ISI,is_part_of,ISA
TLS,uses,Encryption
CHAP,has_a,ASC
Penetration Testing,can_exploit,AKE
NAT,has_a,SENT
IPS,can_detect,NSA
elliptic curve,implements,ORAM
Tor,uses,PST
Security Policy,can_exploit,Tor
addresses,is_part_of,Firewall
Http,can_exploit,Protocol
Digital Signature,uses,AKE
ISI,can_exploit,Shared Key
CAN,can_exploit,CAM
ESP,can_exploit,Lightweight Application Security Process
MAC,can_exploit,Intrusion Detection and Prevention Systems
IPS,can_exploit,NAT
IDXP,can_exploit,IDS
PAC,uses,SOC
IDS,is_part_of,network security
man-in-the-middle,can_exploit,KVS
DFRWS,has_a,Security Extensions
confidentiality,is_part_of,DES
DevSecOps,uses,secure coding
APT,uses,LEA
BSIMM,uses,LEA
privacy,uses,RSA
BSIMM,can_exploit,CDA
ACC,has_a,accountability
authentication,can_detect,Encryption
HTTPS,has_a,ransomware
DES,implements,ISA
CAM,uses,FIRST
hash function,has_a,RSA
ASC,can_exploit,DES
availability,has_a,digital forensics
IDS,has_a,triggered packet responses
DES,is_part_of,botnet
KEM,has_a,Intrusion Prevention System
SOC,uses,elliptic curve
Distributed Hash Table,can_exploit,Tor
NSS,has_a,Http
ESP,has_a,CSRF
ping,is_part_of,traceroute
The Cyber Security Body,can_exploit,symmetric encryption
non-repudiation,uses,PGP
NDP,uses,TLS
Sql Injection,can_exploit,PAC
PAC,can_detect,The Cyber Security Body
IDS,can_detect,TLS
RAT,has_a,ASC
FAIR,can_detect,CHAP
The Cyber Security Body,uses,Tor
username/password,can_analyze,Metasploitable 2
KEM,has_a,Tor
ISI,can_exploit,Encryption
NIST,can_detect,AES
botnet,can_exploit,LEA
Snort,can_analyze,previous attack pattern
TLS,can_exploit,IPS
authentication,can_detect,Privileged Access Never
LEA,can_exploit,Mandatory Access Control
Preprocessor,can_analyze,FTP anomalies
phishing,can_detect,CAM
ISA,has_a,CHAP
SOC,has_a,RBAC
Law and Regulation,is_part_of,Human Organisational Regulatory
MAC,can_detect,HSM
NIS,has_a,ABE
CHAP,has_a,privacy
Hypertext Transfer Protocol,has_a,Intrusion Detection
exploit parameters,can_analyze,target
NAT,uses,ICS
WEP,is_part_of,SSL
Simple Mail Transfer Protocol,can_exploit,RAT
KEK,has_a,ABE
Enhanced Interior Gateway Routing Protocol,can_detect,Authentication Protocol
Enhanced Interior Gateway Routing Protocol,can_detect,DSS
AKE,can_exploit,CHAP
security performance,has_a,Firewall
LAN,has_a,authentication
RAT,can_detect,National Cyber Security Centre
IKE,has_a,ISA
CBAC,can_exploit,CAM
Multiprotocol Label Switching,can_detect,LEA
DHT,has_a,Tor
DES,implements,IDS
ISF,uses,policy
ACC,has_a,FIRST
DVI,uses,DES
AKE,uses,SSL
FAIR,uses,privacy
IPS,uses,FIPS
Http,uses,IBE
DES,has_a,HMAC
ISI,has_a,ENISA
privacy,can_exploit,policy
Opportunistic Wireless Encryption,can_exploit,FIRST
Security Extensions,can_exploit,NSS
TLS,can_detect,DNSSEC
ESP,can_detect,PAC
NAT,can_detect,MSTG
IBE,can_exploit,APT
KAS,can_exploit,Protocol
alarms,can_analyze,target
Protocol,can_exploit,ICMP
NCA,uses,Tor
confidentiality,has_a,privacy
"Symposium on Security and
Privacy",is_part_of,Privacy and Online Rights
NCA,has_a,ICMP
Privileged Access Never,can_detect,Public Key Cryptography
RAT,can_detect,PAP
HTTPS,has_a,CTF
Hellman Key Exchange,can_exploit,Protocol
privacy,uses,blockchain
exploit,can_exploit,Control
authorization,has_a,Access Point
Protocol,can_detect,Mobile Security Testing Guide
TLS,uses,certificate
IDS,has_a,accuracy
scripts,has_a,broadcast
IBE,has_a,Http
users,uses,Server
GDPR,is_part_of,Law and Regulation
CAN,can_exploit,CTI
Nmap,can_analyze,enterprise-scale networks
Protocol,can_exploit,Sender Policy Framework
Fully Homomorphic Encryption,can_detect,ICS
incident response,uses,Risk Assessment
PAC,can_detect,Access Control List
Supervisor Mode Access Protection,can_detect,Networking
attackers,uses,blocked
authentication,has_a,ATC
privacy,has_a,Kerberos
policy,can_exploit,sandboxing
AKE,has_a,ICS
ACC,has_a,Address Resolution Protocol
integrity,can_exploit,LAN
IPS,can_exploit,ACC
Trusted Network Connect,can_exploit,integrity
digital signature,is_part_of,Cryptography
iptables,uses,messages
elliptic curve,implements,AKA
authentication,uses,SOC
DES,implements,NICE
Tor,uses,Network Time Protocol
SOIM,can_detect,Tor
established connections,can_analyze,packets ACK bit
Tor,uses,TKIP
advanced persistent threat,has_a,Authentication and Key Agreement
ICS,can_detect,least privilege
OAuth,has_a,SOC
privacy,can_exploit,The Cyber Security Body
Trusted Network Connect,can_exploit,TLS
authentication,uses,Protocol
CAN,can_detect,DES
NSA,uses,Encryption
IPS,can_exploit,PAC
ICS,can_exploit,CTI
RTP,uses,Tor
flags,can_analyze,Packet
OAuth,has_a,Protocol
PAP,uses,FIRST
Schemes like Pretty Good Privacy,uses,Encryption
vulnerability scanning,uses,Nessus
IoT,can_detect,MAC
DES,implements,NSS
system admin,can_analyze,iptables
secure coding,is_part_of,The Cyber Security Body
ESP,is_part_of,DES
Mandatory Access Control,can_exploit,LAN
Discretionary Access Control,has_a,CTF
hashing,is_part_of,Tor
NIST,uses,HTTPS
Tor,uses,IDPS
reverse engineering,has_a,IBE
ABE,has_a,Authenticated Encryption
WPA,can_detect,Virtual Private Network
FLASK,can_detect,MAC
Decryption,has_a,Authenticated Encryption
High Performance Controller,has_a,LAN
NSA,can_exploit,anonymity
ATC,uses,Tor
SENT,has_a,MAC
OWASP,has_a,Tor
Control Flow Graph,can_exploit,integrity
integrity,is_a,policy
Intrusion Detection Systems,can_detect,DES
CHAP,is_part_of,privacy
LAN,can_exploit,Control
DHKE,can_exploit,Protocol
CHAP,is_a,Control
Tor,uses,Threat Intelligence
policy,can_exploit,IBE
CMA,can_exploit,LAN
NAT,has_a,Address Resolution Protocol
Http,can_exploit,Control
users,uses,personal
machines,uses,logs
side-channel attack,can_exploit,DES
Cyber Kill Chain,can_exploit,exploit
Authenticated Encryption,has_a,ABE
IPS,is_a,AKE
ISF,has_a,authentication
SDL,is_part_of,"Perform static analysis
security testing"
IKE,can_detect,dictionary attack
ISI,has_a,Resolution Protocol
RSA,uses,elliptic curve
DES,implements,incident response
Control,has_a,NCA
subsystem,uses,message
SOC,can_detect,CAM
PAC,uses,availability
virus,can_exploit,exploit
PAC,uses,Control
IPS security,has_a,Firewall
Key Encapsulation Mechanism,has_a,IRGC
ACSAC,can_detect,Tor
ICMP,has_a,Level Data Link Control
Discretionary Access Control,can_exploit,denial of service
IoT,has_a,LAN
Message Authentication Code,can_exploit,LEA
exploit,can_detect,PAC
privacy,uses,Supervisor Mode Access Protection
NCA,can_detect,Enhanced Interior Gateway Routing Protocol
Open Web Application Security Project,has_a,HTTP
Forum of Incident Response and Security Teams,can_detect,incident response
PQC,uses,Tor
DFRWS,has_a,DHIES
advanced persistent threat,has_a,PAC
Kerberos,implements,anonymity
HTTPS,can_detect,sandboxing
CSP,can_exploit,OEA
NAT,can_exploit,ISI
FAIR,uses,AKE
ACL,has_a,HTTPS
Network Security,is_part_of,Infrastructure Security
AKE,uses,Hellman Integrated Encryption Scheme
Encryption,is_part_of,IBE
accountability,can_exploit,PAC
OWE,can_detect,The Cyber Security Body
privacy,can_exploit,Global Cybersecurity Index
Encryption,can_exploit,least privilege
Message Authentication Code,can_exploit,Encryption
Http,has_a,privacy
OAuth,uses,NIST
policy,can_detect,authentication
"Elliptic
Curve Digital Signature Algorithm",is_part_of,Cryptography
YARA,can_exploit,Tor
RAT,can_detect,CTI
WPA,is_part_of,Tor
SAML,implements,authentication
VPN,is_part_of,network security
Protocol,can_detect,HTTPS
ACC,can_detect,EIGRP
TLS,can_detect,Digital Signature
Transport Layer Security,can_detect,access control
FIPS,can_detect,SOC
DES,implements,OAuth
Protocol,has_a,IBE
AKE,uses,Http
integrity,uses,PKI
PGP,can_detect,Public Key Encryption
Common Criteria,can_exploit,NSA
MITM,has_a,APT
Transport Layer Security,uses,Protocol
Lightweight Application Security Process,can_exploit,ABE
Internet Protocol,has_a,CTI
ECC,can_detect,RAT
Hellman Key Exchange,uses,SHA-256
NIS,uses,CTI
Stateless,is_part_of,Firewall
reverse engineering,can_exploit,ICS
integrity,uses,hash function
PEAP,can_detect,ISA
CTF,can_detect,security awareness
IBE,has_a,KAS
Control,can_detect,Password Authentication Protocol
phishing,can_exploit,ICS
Threat Intelligence,has_a,access control
DSS,has_a,HTTPS
AEAD,uses,Encryption
Tor,uses,DVI
Key Derivation Function,can_detect,Public Key Encryption
ASC,has_a,Threat Intelligence
detect,has_a,IDSs
Supervisory Control and Data Acquisition,uses,access control
Intrusion Prevention System,can_detect,Tor
SOC,has_a,IBE
SOC,can_detect,CTI
IBE,has_a,DES
Ghidra,can_analyze,reverse engineering
Public Key Infrastructure,has_a,Key Infrastructure
Security and Privacy,uses,accountability
ABE,can_detect,APT
ESP,can_detect,FHE
OWASP,can_exploit,ACC
CTI,uses,Policy
Digital Signature,has_a,NSA
CLASP,can_exploit,IBE
The Cyber Security Body,has_a,Access Point
Control,can_detect,SIEM
ICS,has_a,Mandatory Access Control
The Cyber Security Body,has_a,Distributed Systems Security
"The Network and Distributed System
Security Symposium",is_part_of,Distributed Systems Security
authentication,uses,Control
output,can_analyze,information
facility,has_a,auth
Encryption,has_a,IBE
Http,uses,Tor
accountability,can_detect,DES
hash function,can_exploit,EAP
Http,has_a,ICMP
AKE,has_a,policy
DHIES,has_a,DAST
DES,implements,LAN
LEA,can_exploit,authentication
Intrusion Detection Systems,is_part_of,Intrusion Prevention Systems
Risk Assessment,has_a,ICS
availability,uses,Protocol
AKE,uses,Key Encapsulation Mechanism
SIEM,can_analyze,log analysis
digital signature,can_detect,IBE
NCA,is_a,SOC
MPC,has_a,RAT
Key Value Store,is_a,ICS
integrity,can_exploit,TNC
code review,can_detect,LEA
Distributed Systems Security,can_exploit,privacy
DES,implements,multi-factor authentication
DAC,has_a,Discretionary Access Control
integrity,can_exploit,IoT
CAM,has_a,The Cyber Security Body
Discretionary Access Control,has_a,CVE
DES,implements,NFV
NCA,uses,Public Key Encryption
Threat Intelligence,uses,APT
worm,can_exploit,IBE
privacy,has_a,APT
DAST,has_a,Encryption
Encryption,has_a,PST
CCS,can_exploit,BGP
ACC,has_a,CHAP
Extensible Authentication Protocol,can_detect,encryption
SOC,can_detect,botnet
Physical Systems Security,can_detect,Tor
Control,has_a,SHA-256
ACC,can_exploit,CAN
Key Encapsulation Mechanism,has_a,SENT
Key Derivation Function,has_a,Key Encryption Key
CTI,can_exploit,SOC
Software Security,is_part_of,Infrastructure Security
Extensible Authentication Protocol,can_exploit,Tor
CAM,can_exploit,cross-site scripting
Protocol,can_detect,DHT
scripts,has_a,automate
Password Authentication Protocol,can_exploit,Point Protocol
Intrusion Detection,has_a,Intrusion Detection System
authentication,uses,accountability
CTI,can_exploit,Protocol
cross-site scripting,can_exploit,Http
IDS,has_a,programs
National Cyber Security Centre,uses,AKE
policies,can_analyze,setup
The Cyber Security Body,has_a,POP
stateful,is_part_of,firewalls
program,can_analyze,live hosts
DHKE,has_a,Hellman Integrated Encryption Scheme
intrusion prevention,has_a,Protocol
Control,can_detect,GDPR
Protocol,is_part_of,IBE
name,can_analyze,platform
NCSC,has_a,OWASP
reverse engineering,has_a,Tor
log-level,can_analyze,warning
SAST,uses,SOC
Protected Extensible Authentication Protocol,can_detect,PKI
hashing,has_a,HTTPS
CHAP,uses,DES
hashing,can_exploit,networking
ACL,uses,Multiprotocol Label Switching
CTI,has_a,KAS
integrity,uses,APT
Protocol,can_exploit,ICS
ICS,is_part_of,Security Operations and Incident Management
Intrusion Detection System,can_detect,PAC
Control,can_detect,authentication
NIST,can_detect,SOIM
set command,has_a,name
authentication,is_a,MAC
DES,implements,HSTS
Authentication Protocol,is_part_of,"Authentication, Authorisation and Accountability"
Control,can_exploit,Policy
Supervisor Mode Access Protection,can_detect,SIEM
NIST,can_detect,LEA
OAuth,can_exploit,Encryption
ATC,can_exploit,exploit
DES,implements,ISI
KAS,uses,Tor
LEA,uses,SOUPS
access control,is_part_of,Operating Systems and Virtualisation Security
Control,can_detect,MAC
policy,can_exploit,Tor
availability,can_exploit,non-repudiation
RADIUS,implements,Protocol
CBAC,can_exploit,Controller Area Network
Controller area network,can_exploit,BGP
policy,is_part_of,Web and Mobile Security
target system,uses,ICMP Port Unreachable message
KEM,has_a,ESP
STRIDE,can_exploit,IBE
IDMEF,can_detect,Security Information and Event Management
privacy,can_detect,access control
Public Key Encryption,uses,hash function
threat modeling,has_a,ICS
non-repudiation,can_exploit,anonymity
HIPAA,has_a,HDLC
SIEM,can_detect,availability
CAM,can_exploit,sandboxing
availability,can_detect,IBE
authentication,has_a,authorization
NIST,has_a,AES
access control,has_a,Advanced Encryption Standard
Kerberos,implements,Http
daemon,can_analyze,kern
authentication,uses,symmetric encryption
privacy,can_detect,Wired Equivalent Privacy
ICS,can_exploit,IPS
TLS,has_a,NIST
networking,can_detect,SAST
ISAKMP,has_a,IPS
CTI,is_part_of,ESP
phishing,has_a,CAM
Ruby,has_a,classes
Packet Decoder,can_analyze,packets
Intrusion Detection Systems,uses,Tor
IBE,can_exploit,Control
policy,uses,SAML
Http,has_a,threat modeling
SIEM,can_detect,intrusion prevention
hashing,can_exploit,Protocol
Kerberos,implements,KEK
Client,uses,logs
NCSC,can_detect,MAC
Encryption,is_part_of,Tor
AKE,uses,DES
DHIES,has_a,Security Extensions
privacy,has_a,networking
Protocol,has_a,Remote Access Trojan
NIS,has_a,Based Cryptography
IPS,can_exploit,man-in-the-middle
AES,implements,Authenticated Encryption
SCN,can_detect,The Cyber Security Body
CCS,can_exploit,availability
Fragmentation,has_a,Nmap�s
accountability,is_part_of,authentication
exploit,can_exploit,code injection
Direct Memory Access,has_a,DHT
setup,has_a,detection threshold setup
established connections,is_part_of,Firewall
FIRST,can_exploit,OCSP
The Common Vulnerability Scoring System,is_part_of,Software Security
cross-site request forgery,can_detect,cross-site scripting
Protocol,can_detect,Security Information and Event Management
Intrusion Detection System,can_detect,APT
botnet,can_harm,availability
ARP,has_a,Shared Key
CCMP,can_exploit,Message Authentication Code
Nping,can_analyze,SYN packets
DCS,can_exploit,Http
PAC,uses,IKE
intrusion detection,can_exploit,NIST
stateful,is_part_of,Firewall
DES,can_detect,CVE
SDN,can_exploit,OWASP
exploit,can_exploit,CHAP
The Cyber Security Body,has_a,AKE
Policy,is_part_of,Web and Mobile Security
IBE,can_exploit,NIS
Digital Signature,uses,hash function
code review,is_part_of,secure coding
The Cyber Security Body,can_detect,CTI
HSM,can_detect,Decryption
Protocol,has_a,Tor
LEA,can_exploit,encryption
Networking,has_a,Key Infrastructure
policy,is_a,NIST
Kerberos,implements,Key Encapsulation Mechanism
evasion,has_a,tools
privacy,has_a,Symposium on Security and Privacy
/var/log/,can_analyze,Linux
RBAC,has_a,Public Key Infrastructure
elliptic curve,implements,authentication
Challenge Handshake Authentication Protocol,is_part_of,"Authentication, Authorisation and Accountability"
HTTPS,can_detect,Tor
privacy,has_a,SOC
US,is_part_of,Human Factors
ABAC,has_a,ABE
RSA,can_exploit,STRIDE
National Cyber Security Centre,can_detect,Network Functions Virtualisation
policy,can_detect,Content Security Policy
CTI,can_detect,Transport layer security
authentication,can_detect,ISI
Industrial Control Systems,can_exploit,AKA
IDS,can_exploit,APT
privacy,has_a,Protocol
RSA,can_detect,botnet
SOC,can_exploit,Chosen Message Attack
CAN,has_a,DES
Control,can_exploit,DNSSEC
AKE,can_detect,incident response
SDL,is_part_of,Secure Software Lifecycle
Physical Systems Security,can_exploit,RSA
ACL,has_a,encryption
MAC,can_detect,Message Authentication Code
NSS,has_a,Digital Forensics Research Workshop
SOC,has_a,Tor
Message Authentication Code,can_exploit,CAN
PAP,is_part_of,PAN
Cyber Kill Chain,is_part_of,Adversarial Behaviours
Control,can_detect,Public Key Cryptography
SSL,can_exploit,SMTP
Http,can_detect,Hypertext Transfer Protocol
SPF,can_exploit,Chosen Message Attack
PLC,can_detect,Key Infrastructure
FIRST,has_a,DHKE
AKE,can_exploit,CVE
Multiprotocol Label Switching,can_detect,NFV
CVSS,has_a,Policy
CHAP,can_detect,LEA
CTF,can_detect,APT
DES,implements,TNC
APT,has_a,IBE
DCS,has_a,denial of service
Penetration Testing,can_exploit,Common Criteria
HIDS,has_a,Hypertext Transfer Protocol
encryption,has_a,HAC
DES,implements,WEP
botnet,can_exploit,DDoS
NIST,uses,RTP
program,has_a,listening
code injection,can_exploit,Protocol
ACL,uses,Encryption
RAT,is_part_of,SDL
integrity,uses,SOC
phishing,is_part_of,CAM
CHAP,has_a,Kerberos
DES,uses,Kerberos
Http,is_part_of,threat modeling
NSA,can_exploit,KAS
Metasploit,has_a,module
IoT,has_a,Intrusion Detection
Control,can_exploit,Tor
Based Encryption,has_a,ISAKMP
DHIES,has_a,ICS
Level Data Link Control,has_a,intrusion detection
IBE,can_detect,DRM
NSA,can_exploit,Status Protocol
CFG,can_exploit,botnet
authentication,has_a,KDF
IPS,can_exploit,availability
privacy,uses,Privacy Enhancing Technologies
IPS,can_exploit,Control
Based Encryption,can_exploit,integrity
ASC,can_detect,Http
ICS,can_exploit,BGP
SSL,can_detect,policy
CVE,has_a,ESP
Address Resolution Protocol,has_a,LEA
Tor,can_detect,MITM
FIRST,has_a,Hellman Integrated Encryption Scheme
LEA,can_detect,Tor
Message Authentication Code,can_detect,FLASK
Chosen Message Attack,can_exploit,CLASP
MAC,uses,ATC
PPP,can_detect,The Cyber Security Body
Vulnerability Assessment,can_exploit,HTTPS
Internet Security Association and Key Management Protocol,has_a,IRGC
Risk Assessment,uses,SAST
symmetric encryption,uses,SOP
LAN,uses,authentication
MD5,implements,SPF
CTI,can_exploit,NIS
Hypertext Transfer Protocol,uses,HTTPS
PAC,has_a,PSK
CTI,can_detect,ICS
Outgoing Eclipse Attacks,can_exploit,OCSP
SOC,can_exploit,SSTP
KDF,can_detect,hash function
AKE,has_a,LEA
Challenge Handshake Authentication Protocol,can_detect,PEAP
SQUARE,can_exploit,Tor
AES,implements,Advanced Encryption Standard
Protocol,is_part_of,Tor
ISI,uses,PKI
ISI,can_detect,SAML
Protocol,can_exploit,PKI
IBAC,has_a,Based Cryptography
Based Access Control,has_a,Authenticated Encryption
OWE,has_a,The Cyber Security Body
fail-safe defaults,can_exploit,Protocol
Decryption,can_detect,ABE
YARA,uses,LEA
RAT,can_detect,Protocol
IDXP,can_exploit,Intrusion Detection
msfconsole,can_analyze,Linux terminal
IPsec,has_a,Protocol
SE,is_part_of,Operating Systems and Virtualisation Security
SOIM,can_detect,Intrusion Prevention Systems
AKE,has_a,Encryption
Internet Message Access Protocol,can_detect,SMTP
IDS,can_exploit,networking
IRGC,has_a,ECC
RAT,has_a,CTI
Tor,uses,anonymity
Key Derivation Function,can_detect,PCI DSS
PAC,has_a,The Cyber Security Body
command shell,can_analyze,Data
DMARC,has_a,NIS
Chosen Message Attack,can_exploit,IBE
authentication,can_detect,dictionary attack
access control,can_detect,accountability
Extensible Authentication Protocol,can_detect,EAP
Sql Injection,can_exploit,exploit
exploit,can_detect,Control
spear phishing,has_a,Encryption
accountability,can_detect,AKE
Internet Protocol,has_a,Protocol
STRIDE,can_exploit,Tor
AKE,uses,privacy
CAN,has_a,ASC
Control,can_detect,key management
NIST,has_a,APT
post scan scripts,can_analyze,Vulnerabilities
Programmable Logic Controllers,uses,ISI
BGP,can_exploit,Common Criteria
Tor,uses,IPS
availability,can_detect,Tor
Public Key Cryptography,uses,Tor
ICS,has_a,DHKE
SIEM,uses,DES
ICS,uses,Policy
Open Web Application Security Project,can_exploit,National Security Agency
accountability,can_exploit,Control
Network Functions Virtualisation,can_detect,Multiprotocol Label Switching
Tor,uses,DHT
dns servers,has_a,Nmap
HTTPS,has_a,IBE
probe,has_a,Firewall
Control,uses,access control
privacy,can_detect,The Cyber Security Body
RAT,has_a,ABAC
CAM,can_detect,Mandatory Access Control
separation of duties,uses,integrity
Tor,uses,SSL
Tor,can_detect,HMAC
ISI,has_a,access control
PAKE,has_a,HTTPS
PCI DSS,can_detect,Extensible Authentication Protocol
ICS,has_a,Security Information and Event Management
APT,has_a,NCA
HTTP,uses,NIS
RAT,uses,authentication
dictionary attack,can_detect,DVI
HDLC,has_a,Hypertext Transfer Protocol
Protected Extensible Authentication Protocol,can_detect,Protocol
MAC,can_exploit,Tor
ACL,can_detect,Tor
administrators,uses,IDS
exploit,can_detect,NIS
Control,can_detect,FIPS
NCA,uses,PCI DSS
Privacy Enhancing Technologies,uses,SOUPS
AES,implements,CAM
Pentesting tools,is_part_of,Nmap
CISSP,uses,privacy
The Cyber Security Body,can_detect,APT
Public Key Encryption,uses,SOC
integrity,uses,ABE
Tor,can_detect,man-in-the-middle
authentication,uses,CHAP
SAML,can_detect,Tor
DMARC,has_a,FIRST
ESP,can_detect,exploit
DES,implements,Key Derivation Function
NIS,has_a,Direct Memory Access
Security and Privacy,can_exploit,CCS
Control,can_exploit,integrity
Network and Distributed System Security,is_part_of,Distributed Systems Security
DDoS,is_part_of,network security
"Perform static analysis
security testing",is_part_of,DAST
Network Time Protocol,has_a,NICE
PKI,uses,IBE
OAuth,is_part_of,"Authentication, Authorisation and Accountability"
DES,implements,Transport Layer Security
Resource Public Key Infrastructure,has_a,Key Infrastructure
Public Key Cryptography,uses,Hardware Security Knowledge Area
HSM,can_detect,policy
CAM,can_exploit,Tor
integrity,has_a,ICS
Address Resolution Protocol,can_exploit,Tor
RPC services,has_a,ports
Enhanced Interior Gateway Routing Protocol,can_detect,RAT
AEAD,can_exploit,DES
Open Web Application Security Project,can_exploit,NVD
OWASP Top 10,is_part_of,Software Security
VXLAN,can_detect,Virtual Private Network
RSA,implements,IBE
LEA,can_detect,TLS
symmetric encryption,uses,Encryption
Protocol,can_exploit,APT
NIST,can_exploit,Opportunistic Wireless Encryption
symmetric encryption,can_exploit,NTP
Kerberos,implements,KEM
The Cyber Security Body,uses,Based Access Control
AKE,can_exploit,Firewall
integrity,uses,availability
Control,can_detect,DES
Outgoing Eclipse Attacks,can_exploit,OEA
Vulnerability Assessment,can_exploit,Message Authentication Code
Based Cryptography,has_a,The Cyber Security Body
rsyslog,has_a,path
privacy,can_detect,privilege escalation
NIST,can_detect,ENISA
Tor,can_detect,phishing
CHAP,can_detect,Software Security Knowledge Area
ESP,has_a,CTI
LEA,can_exploit,RSA
IPsec,has_a,ABE
Metasploit,uses,evading
MAC,has_a,HTTPS
SOC,can_detect,Industrial Control Systems
access control,can_exploit,ICS
key management,has_a,authentication
Network Security Knowledge Area,has_a,authentication
scanner,has_a,Port
KEM,has_a,Key Encapsulation Mechanism
privacy,can_detect,Global Cybersecurity Index
RAT,can_exploit,ICS
phishing,can_exploit,LEA
High Performance Controller,can_exploit,MAC
Firewalls,is_part_of,Intrusion Detection Systems
authentication,can_detect,MAC
AEAD,can_detect,integrity
spear phishing,has_a,phishing
"Security
and Privacy",is_part_of,Privacy and Online Rights
Nmap,is_part_of,hpings
Status Protocol,uses,NIST
Control,has_a,authentication
incident response,can_exploit,LAN
authorization,can_detect,Http
ASC,has_a,SSL
Protocol,uses,IBE
Http,can_exploit,Security Policy
HAC,can_exploit,SQUARE
incident response,is_part_of,business continuity
MAC,uses,policy
Neighbor Discovery Protocol,can_detect,DES
incident response,can_detect,ICS
ACL,has_a,RSA
CHAP,has_a,APT
ATC,can_detect,Encryption
DES,uses,APT
CVSS,has_a,ECC
phishing,is_part_of,Human Factors
NIST,can_exploit,policy
secure coding,has_a,ISI
MPLS,can_detect,CAN
RSA,implements,AGC
FHE,uses,Encryption
PKI,can_exploit,LEA
NCSC,is_part_of,HTTPS
Intrusion Prevention System,can_detect,Intrusion Prevention Systems
services,can_analyze,remote host
LAN,is_part_of,penetration testing
Control,has_a,MAC
RSA,implements,Policy
IDS,uses,Tor
Network Functions Virtualisation,can_detect,LEA
Encryption,has_a,Public Key Encryption
networking,has_a,RTP
hash function,can_exploit,ICS
broadcast,can_analyze,intel
EAP,can_exploit,Industrial Control Systems
KDF,is_a,symmetric encryption
IDS,can_exploit,phishing
YARA,uses,IDS
NCSC,can_exploit,Tor
SDL,has_a,Key Infrastructure
Tor,uses,Industrial Control Systems
FAIR,uses,APT
Protocol,uses,PST
FIRST,has_a,DES
Computer Forensic Tool Testing,uses,CFTT
SP,is_part_of,Software Security
The Cyber Security Body,can_detect,SOIM
NIST,has_a,SOC
OWASP,has_a,Http
Distributed Systems Security,is_part_of,Systems Security
IPS,has_a,signatures
firewalls,can_analyze,devices
IPsec,has_a,intrusion prevention
Penetration Testing,has_a,code review
Authenticated Encryption with Associated Data,is_part_of,Security Operations and Incident Management
Information Systems Security Professional,uses,privacy
NIST,has_a,Protocol
Access Point,has_a,Protocol
access control,has_a,APT
Remote Procedure Call,can_analyze,services
CCS,is_part_of,DES
Tor,can_detect,supply chain attack
availability,can_exploit,RSA
accountability,can_exploit,exploit
AES,implements,ABAC
RAT,has_a,APT
Control,can_detect,RBAC
Authentication Protocol,can_detect,CTI
UCON,has_a,access control
authentication,can_exploit,NIST
HSM,has_a,High Performance Controller
ICMP,has_a,Identity Based Encryption
fail-safe defaults,has_a,open design
Data Encryption Standard,has_a,Digital forensics
advanced persistent threat,can_exploit,ISA
authentication,can_detect,denial of service
Nmap,can_analyze,Network
Protocol,can_detect,KEM
Tor,uses,Http
SSL,can_detect,LEA
Firewall,has_a,testing
Protocol,can_exploit,MITM
The Cyber Security Body,can_detect,SOC
"One intuitive idea for this type of control algorithm is
to use Model Predictive Control",has_a,The risks arising from Bring Your Own Device
Server,uses,logs
HSM,has_a,Level Data Link Control
STRIDE,can_exploit,botnet
NIST,uses,POP
disaster recovery,is_part_of,Secure Software Lifecycle
Syslog,can_analyze,syslogconf
policy,uses,Tor
XSS,can_detect,Control
HDLC,can_detect,CHAP
ESP,is_part_of,CTI
pen tester,can_analyze,client VM
Http,can_detect,phishing
KDF,can_detect,SOC
exploit,can_analyze,realvnc_client
security governance,is_part_of,Risk Management and Governance
ACL,has_a,blockchain
multi-factor authentication,can_detect,zero trust
code review,is_part_of,Software Security
ISI,can_exploit,denial of service
Security Extensions,has_a,ICS
SIEM,can_exploit,LEA
KEM,is_part_of,Key Encapsulation Mechanism
SSL,is_part_of,ICS
DES,implements,Intrusion Detection and Prevention Systems
ATC,has_a,policy
Nmap,uses,probe
broken,can_analyze,mail hosts
KDF,can_detect,Protocol
The Cyber Security Body,has_a,CTI
Local Area Network,can_exploit,MITM
LEA,can_exploit,Risk Assessment
ACC,can_exploit,Key Value Store
"To cope with arbitrarily complex executions and composition
of cryptographic protocols an extension to the simulation paradigm exists called the Universal
Composability",is_part_of,Cryptography
CFG,can_exploit,SOC
MAC,has_a,advanced persistent threat
privacy,can_exploit,ISI
KEM,has_a,DES
NCSC,has_a,HTTPS
DHKE,uses,Hellman Integrated Encryption Scheme
Tor,uses,Based Access Control
HTTPS,has_a,Tor
Based Encryption,can_exploit,CFTT
Networking,can_detect,SAST
NIST,can_exploit,OWE
policy,has_a,Content Security Policy
DES,implements,DSKS
Fully Homomorphic Encryption,can_detect,incident response
SAE,can_detect,IBE
Syslog,has_a,Port
tools,is_part_of,auxiliary modules
Protocol,can_exploit,CSP
CTI,is_part_of,DES
accountability,has_a,DES
Security and Privacy,can_detect,MAC
SOUPS,uses,POP
IDS,can_exploit,NIS
NSS,can_detect,Encryption
Ingress,can_analyze,incoming traffic
CLASP,uses,LEA
availability,is_part_of,CIA triad
Public Key Cryptography,uses,Hellman Key Exchange
authentication,can_exploit,fail-safe defaults
remote system,uses,Packet
Snort,can_analyze,Network Behavior
access control,is_a,ICS
CNS,can_exploit,DES
privacy,is_a,LEA
Local Area Network,can_exploit,Protocol
integrity,can_exploit,authorization
AKE,has_a,CAN
Firewall,has_a,reboot
digital signature,can_detect,ESP
Authentication Protocol,can_detect,Public Key Encryption
ACC,uses,accountability
access control,has_a,networking
LEA,has_a,Remote Access Trojan
IPS,is_part_of,DES
NCA,can_detect,Trojan
HAC,has_a,SOC
HDLC,has_a,HMAC
MAC,uses,UCON
Intrusion Detection and Prevention Systems,can_exploit,ISF
Control,can_detect,Risk Assessment
DDoS,can_detect,MPLS
NVD,can_exploit,OAuth
Port,can_analyze,target
rsyslog server,uses,errors
SOP,can_exploit,XSS
integrity,can_detect,ISI
ATC,can_exploit,access control
DSKS,can_detect,PEAP
Metasploit framework,can_analyze,information-
IDS,uses,Distributed Hash Table
Digital Signature,uses,Control
open ports,can_analyze,services
CSP,has_a,Threat Intelligence
Control,can_exploit,Controller Area Network
LEA,can_exploit,NIST
APT,has_a,Automatic Gain Control
elliptic curve,can_detect,Tor
Controller Area Network,has_a,Http
ASC,has_a,Http
access control,can_exploit,policy
ACC,can_detect,PLC
SDN,can_detect,SAML
symmetric encryption,has_a,NIST
module,has_a,names
integrity,is_a,ISI
NSS,uses,SSL
ENISA,uses,CSCG
LEA,has_a,Tor
accountability,has_a,HTTP
Decryption,can_exploit,APT
SQUARE,can_exploit,ESP
PPP,has_a,The Cyber Security Body
policy,has_a,CSRF
DES,implements,DMARC
Password Authentication Protocol,is_part_of,"Authentication, Authorisation and Accountability"
SOUPS,uses,NIST
SAML,can_exploit,ICS
Based Access Control,has_a,ABAC
AKE,can_exploit,OWASP
digital forensics,is_part_of,Security Operations and Incident Management
ACL,can_detect,RADIUS
non-Windows servers,has_a,Firewall
IKE,uses,ISA
installed,can_analyze,system
access control,has_a,SOC
Resolution Protocol,has_a,AGC
IRGC,has_a,IPS
/var/log,can_analyze,Files
Protocol,can_detect,"Similar attacks are possible for the Reverse
Address Resolution Protocol"
Output Module,has_a,output
HIPAA,can_exploit,Control
ISI,uses,ISA
DES,uses,HMAC
RAT,has_a,Protocol
RSA,implements,Authentication Header
SE,is_part_of,Network Security
Control,uses,Firewall
PKE,uses,Digital Signature
/etc/rsyslogd/,can_analyze,Folder
Protocol,uses,Tor
LEA,can_detect,anonymity
HAC,can_exploit,Protocol
ACC,can_detect,ORAM
Discretionary Access Control,can_exploit,Tor
risk assessment,is_part_of,Risk Management and Governance
Security and Privacy Workshops,can_exploit,CAM
IPS,uses,Common Criteria
DDoS,can_exploit,IBE
MAC,can_detect,blockchain
access control,uses,cross-site scripting
Forensics,is_part_of,Cyber-Physical Systems Security
Authenticated Encryption with Associated Data,has_a,authentication
IPS,has_a,Public Key Infrastructure
logs,can_analyze,system messages
PCI DSS,uses,DSS
exploit,can_detect,CHAP
authentication,uses,access control
Tor,can_detect,Sql Injection
PQC,can_detect,Protocol
privacy,uses,SOC
access control,uses,POP
SOC,can_exploit,Vulnerability Assessment
ARP,can_exploit,Tor
integrity,can_exploit,IMAP
SOC,is_part_of,Tor
privacy,uses,Protocol
IDS,can_exploit,Intrusion Detection System
Control,has_a,key management
AKE,can_detect,Transport Layer Security
accountability,has_a,ASC
ransomware,uses,LEA
Network Functions Virtualisation,can_detect,NICE
NIS,can_exploit,AEAD
Tor,can_detect,Trojan
accountability,can_exploit,CHAP
DNSSEC,has_a,ICS
RSA,implements,ECC
anonymity,uses,NIST
SPF,can_exploit,PKI
OWASP,can_detect,The Cyber Security Body
OAuth,uses,Protocol
HDLC,has_a,IDS
Message Authentication Code,can_exploit,Key Value Store
IPsec,has_a,Internet Protocol
MAC,can_exploit,ESP
Hellman Integrated Encryption Scheme,has_a,DFRWS
NAT,can_detect,MPLS
CTI,is_part_of,Adversarial Behaviours
Authenticated Encryption with Associated Data,can_detect,RSA
DHT,can_exploit,Control
IMAP,uses,Encryption
zero trust,can_exploit,Http
Authentication and Key Agreement,has_a,Authentication Header
Port,can_analyze,source
MAC,can_detect,cross-site scripting
ACC,has_a,Identity Based Encryption
User,uses,terminals
system admins,implements,programs
SQUARE,can_exploit,SSL
OWE,can_detect,HTTPS
Control,can_detect,AKE
CTI,can_detect,LEA
John the Ripper,can_exploit,Password
PKCS,can_detect,authentication
HSM,can_detect,HMAC
intrusion detection,can_detect,IBE
The Cyber Security Body,has_a,APT
FIRST,can_exploit,Status Protocol
privacy,has_a,CHAP
LEA,is_part_of,Tor
ICS,can_detect,APT
SAML,has_a,Tor
MAC,uses,Encryption
warn,can_analyze,warning
authentication,can_exploit,DNSSEC
PAP,can_detect,Challenge Handshake Authentication Protocol
availability,can_exploit,AKE
Key Infrastructure,can_detect,PAC
RSA,has_a,Tor
HAC,can_detect,Physical Systems Security
ISF,has_a,Intrusion Prevention System
Metasploit,can_analyze,dock
NIST,can_exploit,Encryption
Tor,can_detect,DDoS
security awareness,uses,APT
NIS,has_a,HAC
authentication,can_exploit,Remote Access Trojan
Hypertext Transfer Protocol,has_a,HPC
ICMP,has_a,intrusion detection
clickjacking,can_exploit,Chosen Message Attack
Http,has_a,LEA
Common Criteria,uses,FIPS
access control,is_part_of,SOC
denial of service,has_a,HTTPS
accountability,has_a,privacy
Local Area Network,can_exploit,Control
RBAC,has_a,PKI
RSA,can_exploit,AES
Networking,can_detect,SDL
anonymity,uses,IBE
Protected Extensible Authentication Protocol,can_detect,Programmable Logic Controller
ports,is_part_of,Nmap
access control,is_part_of,Protocol
virus,has_a,PAC
MAC,can_exploit,anonymity
Network,has_a,ports
command injection,can_exploit,least privilege
AKE,uses,security awareness
MITM,can_exploit,LAN
Control,has_a,CSRF
encryption,has_a,MPC
DHKE,uses,DES
Security Policy,can_exploit,ICMP
Perform Static Analysis Security Testing,is_part_of,Formal Methods for Security
Access Control List,has_a,LAN
Key Infrastructure,can_exploit,CMA
availability,can_detect,SSL
Trojan,can_detect,DES
3-way handshake,can_analyze,scanned
ISI,has_a,KDF
unsolicited,can_harm,ACK packets
ORAM,uses,Protocol
NSA,is_a,DES
system,uses,packets
IoT,can_exploit,DES
ASC,has_a,KAS
CHAP,has_a,availability
AKA,can_exploit,APT
MAC,can_detect,NIST
Risk Assessment,is_part_of,Risk Management and Governance
Security Policy,can_detect,Tor
CHAP,has_a,Control
LEA,uses,access control
Cryptographically Generated Address,can_exploit,ABE
SIEM,can_detect,ATC
hash function,uses,RSA
privacy,can_detect,ORAM
SAML,uses,RTP
Tor,uses,KEM
Supervisor Mode Access Protection,can_detect,SAST
CSRF,can_exploit,web security
access control,uses,IBE
PAC,uses,The Cyber Security Body
RAT,has_a,SENT
KVS,can_exploit,MISP
privacy,can_exploit,ransomware
NIST,has_a,Address Resolution Protocol
DES,implements,AEAD
DES,can_exploit,worm
tools,has_a,program
HTTPS,can_detect,Http
SOC,can_exploit,APT
IP,is_part_of,Network Security
Protocol,has_a,Neighbor Discovery Protocol
policy,can_detect,PAP
FAIR,uses,Control
Public Key Cryptography,has_a,ICS
worm,has_a,IBAC
AES,implements,Protocol
SHA-1,implements,LEA
integrity,can_detect,authentication
IP,is_part_of,Privacy and Online Rights
exploit,can_exploit,SOP
ATC,has_a,Encryption
DAST,has_a,denial of service
Control,is_part_of,RAT
Control,can_exploit,Industrial Control Systems
botnet,has_a,LEA
The Cyber Security Body,has_a,IPS
MPC,has_a,Authenticated Encryption
access control,has_a,Control
Encryption,can_exploit,APT
XSS,is_part_of,Software Security
DES,implements,CCS
IRGC,has_a,Http
multi-factor authentication,uses,Tor
MAC,has_a,FIPS
NIST,uses,National Cyber Security Centre
AKE,can_detect,brute force
Protocol,can_exploit,FIRST
DHT,uses,Tor
RBAC,can_detect,Control
"Workshop on the Economics
of Information Security and Privacy",is_part_of,Privacy and Online Rights
IMAP,can_detect,Tor
Host,has_a,responds
RSA,is_part_of,Tor
Intrusion Detection Systems,can_detect,networking
SP,is_part_of,Risk Management and Governance
EIGRP,can_detect,NIST
Protocol,has_a,Key Encapsulation Mechanism
ISI,uses,ENISA
CTI,can_detect,ISA
Forum of Incident Response and Security Teams,is_part_of,Risk Management and Governance
information,can_expose,security vulnerabilities
Metasploit,can_analyze,information
authentication,can_exploit,DVI
privacy,can_exploit,denial of service
ICS,has_a,NIST
SDL,can_detect,SAST
privacy,uses,availability
worm,has_a,RSA
Intrusion Detection Systems,can_detect,SOIM
Protocol,uses,Mobile Security Testing Guide
ICS,has_a,virus
Control,has_a,RBAC
NIST,can_detect,Security Policy
IBE,has_a,APT
Tor,has_a,AES
HTTPS,can_exploit,CAM
DVI,can_detect,Authentication Protocol
CAN,can_detect,Protocol
integrity,has_a,Encryption
SOC,has_a,PQC
CTI,is_part_of,SAST
RAT,has_a,NIS
RAT,can_exploit,MITM
RAT,has_a,accountability
HTTP,uses,Communication is mostly based on the Hypertext Transfer Protocol
CVE,can_exploit,NIS
DES,uses,MD5
Controller area network,can_exploit,access control
SSL,has_a,LEA
access control,has_a,CVSS
authentication,can_detect,SMAP
security policy,has_a,CSA
blockchain,can_detect,Tor
man-in-the-middle,can_harm,confidentiality
Snort,can_detect,APT
Nmap,uses,port scanning
DES,uses,3DES
EAP,can_detect,SOC
Http,has_a,phishing
botnet,is_part_of,Malware and Attack Technologies
KDF,has_a,SOC
policy,can_exploit,Tcpdump
TLS,has_a,Protocol
code injection,can_detect,LEA
NIST,can_exploit,IDS
Password Authentication Protocol,can_detect,Tor
Intrusion Detection Systems,can_detect,SOC
Tor,uses,SCADA
IDS,uses,DHT
EAP,can_detect,Protocol
access control,can_exploit,Encryption
Encryption,has_a,Key Encapsulation Mechanism
Hellman Key Exchange,uses,POP
Transport Layer Security,can_exploit,Tor
authentication,can_exploit,integrity
IP ID,can_analyze,Forge
access control,can_detect,Decryption
ICS,has_a,AKE
DES,implements,CLASP
SOC,can_exploit,networking
TLS,can_exploit,PAC
integrity,can_exploit,TKIP
DAST,is_part_of,LAN
ESP,has_a,SENT
RSA,implements,asymmetric encryption
encryption,can_exploit,CFRG
side-channel attack,can_exploit,Protocol
POP,can_exploit,Tor
"In conjunction
with the Cloud Security Alliance",is_part_of,Distributed Systems Security
Control,has_a,Distributed Systems Security
Public Key Cryptography,can_detect,Encryption
SOC,can_exploit,SOIM
Status Protocol,uses,OCSP
NIST,has_a,DDoS
Protocol,can_detect,National Cyber Security Centre
Service,has_a,parameters
Encryption,can_exploit,networking
Snort,can_exploit,Suricata
CFG,can_exploit,Lightweight Application Security Process
digital signature,has_a,integrity
access control,can_detect,ICS
Key Value Store,has_a,ICS
reverse engineering,can_detect,LEA
IMAP,can_exploit,DES
ASC,can_exploit,Control
IBE,can_detect,FIRST
Software Security Knowledge Area,can_detect,DES
GDPR,can_detect,GPG
MAC,uses,NICE
Mobile Security Knowledge Area,is_part_of,APT
AES,implements,ABE
Control,is_part_of,MAC
ESP,can_detect,PPP
RBAC,can_detect,FIRST
CHAP,uses,APT
DIMVA,can_exploit,privacy
Variants of Eclipse attacks include Localised Eclipse Attacks,is_part_of,Network Security
OWASP,can_detect,Encryption
digital forensics,is_part_of,Cyber-Physical Systems Security
Control,uses,NCA
integrity,is_part_of,LEA
Protocol,can_detect,PAP
NIST,can_exploit,elliptic curve
hash function,can_exploit,Protocol
Threat Intelligence,is_part_of,Security Operations and Incident Management
NSS,can_exploit,The Cyber Security Body
DES,implements,IBE
ISI,can_exploit,Risk Assessment
Protocol,uses,Intrusion Detection and Prevention System s
KAS,has_a,ISA
Tor,uses,ICMP
malware analysis,uses,LEA
SE,is_part_of,Software Security
Trusted Network Connect,can_exploit,Transport layer security
OpenSSL,uses,SSL
RSA,can_exploit,APT
Data Encryption Standard,has_a,DAST
HAC,uses,Tor
buffer overflow,can_exploit,Software Security
RSA,implements,ESP
SOC,can_exploit,Protocol
cache poisoning,can_exploit,APT
Software Security Knowledge Area,uses,AKE
intrusion detection,has_a,DES
AES,implements,PQC
backdoor,is_part_of,hack
Perform Dynamic Analysis Security Testing,is_part_of,Secure Software Lifecycle
anonymity,uses,Tor
PKE,can_detect,Privileged Access Never
LEA,has_a,ESP
Http,has_a,DMA
Security Information and Event Management,can_detect,SMAP
Tor,uses,Sender Policy Framework
"International Workshop on
Information Forensics and Security",is_part_of,Security Operations and Incident Management
LAN,has_a,APT
hash function,uses,NIST
SPF,can_exploit,Protocol
deploy,can_analyze,testing environment
ARP,has_a,denial of service
access control,has_a,Intrusion Detection System
anonymity,can_exploit,phishing
BSIMM,can_exploit,Common Criteria
Shared Key,has_a,Address Resolution Protocol
Supervisor Mode Access Protection,can_detect,SDL
Encryption,can_exploit,CSP
Tor,uses,SAST
authentication,has_a,MAC
hash function,can_exploit,HMAC
Control,can_exploit,NSA
ABE,can_detect,Network Functions Virtualisation
Protocol,can_exploit,DDoS
authentication,uses,Firewall
Wired Equivalent Privacy,can_detect,ACC
facility,has_a,severity
Encryption,uses,NCA
POP,has_a,QKD
Encapsulation Security Payload,can_detect,Digital Signature
availability,can_exploit,CAM
NSA,has_a,Symposium on Security and Privacy
timing attack,can_exploit,AKE
AKE,uses,APT
RAT,can_exploit,ISA
authentication,uses,UCON
SSL,can_exploit,Tor
ACC,can_exploit,IMAP
NSA,has_a,SOC
PAC,can_detect,IPsec
anonymity,can_exploit,IDS
key management,can_detect,LEA
Control,can_exploit,KAS
detected,has_a,IDS
WEP,can_detect,Fi Protected Access
IBE,has_a,Protocol
FIRST,can_exploit,NVD
cross-site scripting,can_exploit,PAC
Key Derivation Function,has_a,ESP
IBE,can_exploit,The Cyber Security Body
ISI,can_exploit,NIST
rules,has_a,stateful
CCS,is_part_of,PAP
Security Assertion Markup Language,can_exploit,ICS
HTTPS,is_part_of,Tor
Privileged Access Never,can_detect,Protocol
MAC,has_a,Distributed Systems Security
ISI,can_exploit,Controller area network
Discretionary Access Control,can_detect,POP
privacy,has_a,access control
DMA,has_a,Tor
Kerberos,has_a,RADIUS
Opportunistic Wireless Encryption,can_exploit,ORAM
open design,can_exploit,Tor
authentication,has_a,DHKE
Open Web Application Security Project,can_detect,CHAP
asymmetric encryption,can_exploit,OAuth
The Cyber Security Body,has_a,PQC
digital forensics,uses,Tor
IBE,uses,DES
privacy,can_detect,ISI
target,has_a,port state
RBAC,uses,DES
dictionary attack,can_detect,DES
Firewall,can_analyze,setup
access control,uses,CAM
ICS,can_detect,Control
Intrusion Detection System,can_exploit,intrusion detection
Key Infrastructure,has_a,PKI
XSS,can_exploit,ISI
botnet,can_exploit,DSS
DVI,is_a,MAC
exploit,can_exploit,timing attack
National Cyber Security Centre,can_detect,LAN
Tor,uses,ECDSA
SOC,uses,Tor
complete mediation,has_a,DES
POP,is_a,Tor
SCN,can_detect,authentication
Hardware Security Module,has_a,APT
authorization,has_a,Resource Public Key Infrastructure
configure,can_analyze,rsyslog server
worm,can_exploit,Local Area Network
LEA,is_part_of,ESP
SOC,can_exploit,phishing
ECC,can_detect,CTI
DES,implements,NCA
Control,has_a,AKE
ECC,has_a,ASC
Network and Distributed System Security Symposium,is_part_of,Distributed Systems Security
availability,can_exploit,integrity
CTI,has_a,LEA
Encryption,uses,Tor
intrusion detection,can_detect,CTI
CHAP,can_detect,access control
show options command,has_a,SRVHOST
DES,can_exploit,RSA
Challenge Handshake Authentication Protocol,can_exploit,PAP
"Privacy
Guard",is_part_of,Privacy and Online Rights
NAT,is_part_of,Cryptography
Lightweight Application Security Process,can_exploit,Cryptographically Generated Address
IBAC,has_a,Encryption
SOIM,is_part_of,DES
ISI,can_exploit,Discretionary Access Control
IBE,is_part_of,LEA
Security Quality Requirements Engineering,can_exploit,SSTP
AES,implements,symmetric encryption
Access Point,has_a,ARP
Mobile Security Knowledge Area,is_part_of,Protocol
Protocol,uses,DHT
The Cyber Security Body,has_a,NIS
MAC,can_exploit,NSA
IPS,can_detect,exploit
AKA,can_exploit,availability
Mobile Security Testing Guide,can_detect,NDP
SOP,uses,Decryption
Strict Transport Security,has_a,HTTPS
TLS,can_exploit,LEA
services,has_a,ports
Networking,has_a,SDL
LEA,can_exploit,hash function
Fully Homomorphic Encryption,uses,LEA
access control,can_detect,policy
POP,can_detect,Extensible Authentication Protocol
NCA,can_detect,hashing
symmetric encryption,has_a,Public Key Encryption
Forging,can_harm,RST packets
ISI,can_detect,IDMEF
NSA,can_exploit,Nmap
GPG,can_detect,Forum of Incident Response and Security Teams
IRGC,has_a,ASC
Password Authentication Protocol,can_detect,Public Key Encryption
separation of duties,can_exploit,PAN
LEA,is_part_of,anonymity
respond,can_analyze,SYN-ACK packet
policy,can_detect,APT
Control,has_a,Authenticated Encryption
SOC,can_exploit,Control
Snort,uses,Protocol Analysis
AKE,can_exploit,Password Authentication Protocol
Enhanced Interior Gateway Routing Protocol,can_detect,IBE
PKCS,can_detect,EAP
MAC,can_exploit,DES
Security awareness games Capture The Flag,is_part_of,Adversarial Behaviours
MAC,has_a,NIST
Security Policy,has_a,Tor
Malware and Attack Technologies,is_part_of,Attacks Defences
MAC,has_a,virus
assessing,has_a,Firewall
IPS,has_a,NAT
Risk Assessment,is_part_of,Security Policy
ICS,can_exploit,Internet Message Access Protocol
SCN,can_detect,Security Information and Event Management
PLC,can_exploit,Control
access control,uses,CTI
insider threat,can_exploit,EAP
PLC,uses,Programmable Logic Controllers
Protocol,can_detect,PKI
privacy,can_detect,Pointer Authentication Code
ACL,can_exploit,Decryption
AEAD,can_exploit,hash function
Internet Protocol,has_a,ATC
The Cyber Security Body,is_part_of,Control
ICS,can_detect,FIRST
NAT,can_detect,DES
NIST,has_a,IBC
HTTPS,has_a,Http
Controller Area Network,can_exploit,Border Gateway Protocol
availability,can_exploit,Vulnerability Assessment
AKE,uses,Protocol
FAIR,uses,CHAP
Network,has_a,down
Based Access Control,has_a,accountability
TLS,can_detect,ICS
LEA,is_part_of,SSL
Control,is_a,anonymity
HMAC,can_exploit,Tor
CHAP,can_exploit,authentication
ENISA,can_exploit,ICS
DES,can_detect,GDPR
ISI,has_a,Distributed Hash Table
SOC,can_detect,ICS
PLC,is_part_of,Cyber-Physical Systems Security
networking,can_detect,Intrusion Detection System
Public Key Encryption,uses,Decryption
MAC,can_detect,integrity
RAT,has_a,CHAP
BSIMM,can_exploit,SOC
APT,can_harm,availability
Security and Privacy,can_detect,AKE
ISF,has_a,SSL
Mandatory Access Control,can_detect,IBAC
CAN,can_detect,exploit
CTF,has_a,incident response
MAC,has_a,AKE
Firewall,can_exploit,MAC
MAC,uses,ISI
RBAC,has_a,Control
fault injection,can_exploit,ISI
NDP,can_exploit,Network Security Knowledge Area
The Cyber Security Body,uses,NAT
Symposium on Security and Privacy,can_exploit,Vulnerability Assessment
Public Key Encryption,uses,ICS
Based Access Control,can_exploit,Protocol
policy,has_a,CAM
accountability,can_detect,Control
DVI,can_detect,ECC
NSA,is_part_of,anonymity
Tor,uses,Decryption
Key Encryption Key,has_a,Based Encryption
Http,has_a,DDoS
TLS,can_exploit,man-in-the-middle
CTI,has_a,ISA
Control,can_exploit,privacy
Sender Policy Framework,can_exploit,SOIM
OWE,can_detect,Extensible Authentication Protocol
LEA,can_exploit,APT
zombie host,has_a,port number
OWASP,can_exploit,CVE
RSA,uses,Tor
PKI,can_exploit,SMTP
RSA,implements,Http
APT,has_a,DES
privacy,has_a,policy
ISA,has_a,authentication
Fully Homomorphic Encryption,can_detect,Forum of Incident Response and Security Teams
template,is_part_of,Firewall
LEA,has_a,Http
Challenge Handshake Authentication Protocol,can_exploit,Control Flow Graph
ACSAC,can_detect,ICS
Tor,uses,ICS
block,can_analyze,Traffic
authentication,can_detect,DNSSEC
SQL injection,is_part_of,Software Security
HTTP,can_detect,DES
NIST,is_a,LEA
Hellman Key Exchange,uses,PAP
scan,can_detect,attack
attacks,can_harm,Public Domain
Outgoing Eclipse Attacks,can_exploit,SPF
rsyslog server,has_a,listening
ransomware,can_exploit,AKE
KAS,has_a,LAN
IP address,can_analyze,zombie host
Intrusion Detection,can_exploit,NIST
Adversarial Behaviours,is_part_of,Attacks Defences
Extensible Authentication Protocol,can_detect,Protocol
ASC,uses,SIEM
Protocol,has_a,Sender Policy Framework
SOC,can_exploit,social engineering
PAC,has_a,MAC
code review,can_detect,command injection
SPF,can_exploit,FIRST
Security Policy,is_part_of,Tor
DES,implements,ECC
Nmap,uses,IoT security
BSIMM,can_exploit,BGP
Transport Layer Security,has_a,ISI
AKE,can_exploit,MAC
Point Protocol,has_a,QKD
Multiprotocol Label Switching,can_detect,NCA
command,can_analyze,adobe_flash_shader_drawing_fill exploit
Tor,uses,reverse engineering
replay attack,can_exploit,authentication
ISI,is_a,blockchain
Intrusion Prevention Systems IPS,is_part_of,Intrusion Detection Systems IDS
Intrusion Detection and Prevention Systems,can_exploit,ISI
Public Key Encryption,uses,ACL
Content Security Policy,can_exploit,Http
RSA,implements,PQC
DAC,can_detect,ACL
ENISA,has_a,Tor
CHAP,uses,Control
ICS,has_a,CTI
incident response,has_a,ISF
Protocol,can_detect,APT
CLASP,can_exploit,Chosen Message Attack
Protocol,uses,Http
"Perform static analysis
security testing",is_part_of,Formal Methods for Security
Hellman Integrated Encryption Scheme,has_a,privacy
APT,is_part_of,Adversarial Behaviours
ICS,uses,DES
secure coding,can_exploit,code review
Key Infrastructure,has_a,networking
Intrusion Detection,can_detect,SIEM
BSIMM,can_exploit,BYOD
Metasploit framework,has_a,exploits
SOIM,can_detect,NAT
policy,can_detect,SOC
Distributed Systems Security,has_a,threat modeling
"International Workshop on
Information Forensics and Security",is_part_of,Cyber-Physical Systems Security
authentication,can_detect,replay attack
IoT,has_a,Security and Privacy
"Password
Authenticated Key Exchange",is_part_of,Applied Cryptography
access control,can_exploit,LAN
TLS,can_detect,Internet Message Access Protocol
IBE,has_a,FIRST
policy,can_detect,Protocol
Protocol,uses,Neighbor Discovery Protocol
XSS,can_exploit,MAC
ISAKMP,has_a,ISF
ISI,can_exploit,Tor
Tor,uses,ACL
KAS,has_a,IKE
System configurations,is_part_of,Firewall
Wireshark,can_analyze,network traffic
CAN,can_detect,IKE
GDPR,can_detect,Message Authentication Code
Vulnerability Assessment,can_exploit,CAM
Network Address Translation,can_detect,Control
HTTPS,has_a,NSA
TLS,can_exploit,CNS
CTI,is_part_of,Privacy and Online Rights
Message Authentication Code,can_detect,authentication
Encryption,has_a,Digital Forensics Research Workshop
LAN,has_a,Control
SIEM,can_detect,IDXP
DES,implements,TLS
botnet,has_a,ISI
Client,has_a,forward
The Cyber Security Body,uses,ACC
KDF,uses,hash function
Kerberos,implements,SOC
Control,can_exploit,High Performance Controller
Control,can_exploit,Digital Forensics Research Workshop
OCTAVE,can_detect,Risk Assessment
SE,is_part_of,Risk Management and Governance
IPS,is_part_of,Network Security
Intrusion Detection,has_a,HIPAA
Intrusion Detection Systems,is_part_of,SOIM
MAC,can_detect,Flux Advanced Security Kernel
MAC,can_exploit,privacy
Windows machines,has_a,respond
Encryption,can_detect,APT
NIST,is_part_of,Security Policy
Kerberos,implements,Protocol
intrusion prevention,can_detect,Intrusion Prevention Systems
Transport Layer Security,can_exploit,IPS
Authenticated Encryption,has_a,Based Encryption
Detection Engine,is_part_of,Snort
Access Control List,uses,ISI
TKIP,can_exploit,authentication
AKE,uses,Control
NIST,uses,SOC
Internet Security Association and Key Management Protocol,has_a,The Cyber Security Body
IoT,has_a,Common Criteria
print,can_analyze,iptables
CTI,can_detect,WEP
Firewall,can_detect,XSS
NIST,uses,Protocol
Http,uses,ICS
multi-factor authentication,can_detect,phishing
APT,uses,Hardware Security Knowledge Area
exploit,can_exploit,Trojan
LAN,has_a,NIS
FIPS,has_a,policy
Tor,uses,NAT
IDS,uses,KEM
accountability,has_a,PAC
Protocol,is_part_of,Sender Policy Framework
RAT,uses,CTI
authentication,can_detect,DVI
MD5,implements,ISI
Transport layer security,can_exploit,incident response
PKI,has_a,OWE
CAN,has_a,SENT
ISI,has_a,HTTPS
Security Information and Event Management,can_detect,Tor
LEA,can_exploit,SOC
DES,can_exploit,return-oriented programming
Networking,has_a,PKI
privacy,has_a,UCON
command-line CLI,uses,Penetration Testing
DES,can_exploit,clickjacking
policy,can_detect,Industrial Control Systems
OCSP,can_exploit,ORAM
CTI,has_a,incident response
ICS,is_part_of,CTI
LEA,can_exploit,Protocol
AKE,uses,NIS
SOC,has_a,threat modeling
NSA,uses,Tor
TLS,uses,integrity
single sign-on,uses,Control
CSP,can_exploit,Protocol
Vulnerability Assessment,can_exploit,SAE
Extensible Authentication Protocol,can_exploit,ICS
Common Vulnerability Scoring System,has_a,NSA
PAC,can_exploit,Supervisory Control and Data Acquisition
Level Data Link Control,has_a,NIST
Metasploit,can_analyze,Kali Linux operating system
network administrators,implements,map
CHAP,can_detect,SAML
SOUPS,uses,SOC
Encryption,has_a,ECDSA
anonymity,is_a,Protocol
malware analysis,can_exploit,DES
ISI,uses,access control
Http,can_exploit,cross-site request forgery
Protocol,can_exploit,access control
RBAC,can_detect,Security Policy
LEA,has_a,KAS
access control,can_detect,Encryption
code injection,can_exploit,SOP
CCS,has_a,SOC
NIST,can_exploit,advanced persistent threat
authentication,can_detect,integrity
key management,has_a,Kerberos
integrity,can_detect,NIST
firewall,can_detect,VXLAN
LEA,is_a,Tor
TLS,can_exploit,incident response
ACL,has_a,Protocol
phishing,has_a,ICS
LEA,has_a,DES
AKE,is_a,MAC
PAC,can_exploit,SIEM
FIRST,can_exploit,Opportunistic Wireless Encryption
exploit,can_exploit,ISI
Suricata,uses,Supervisor Mode Access Protection
Control,uses,SIEM
policy,can_detect,ABE
Internet Protocol,has_a,ISF
ATC,has_a,spear phishing
scripts,has_a,locally
IDS,can_detect,Protocol
AKE,uses,MD5
Control,can_detect,SOC
Control,can_exploit,Physical Systems Security
Wired Equivalent Privacy,is_part_of,Privacy and Online Rights
policy,can_exploit,ICS
Symposium on Security and Privacy,has_a,HTTPS
Control,has_a,integrity
CVE,has_a,policy
DMA,has_a,DFRWS
Encryption,uses,Encapsulation Security Payload
centralized system,has_a,single-point failure
IoT,can_detect,secure boot
HAC,has_a,access control
Authentication Header,has_a,ISA
Control,can_detect,Protocol
integrity,is_part_of,ISI
networking,can_exploit,LEA
CAN,has_a,NIS
AKE,can_detect,DNSSEC
blockchain,has_a,Tor
Remote Access Trojan,is_part_of,Malware and Attack Technologies
availability,can_exploit,SOC
hashing,can_exploit,Encryption
US,is_part_of,Network Security
Port,can_analyze,messages
MPLS,can_detect,NIST
HMAC,implements,authentication
NCSC,is_part_of,Tor
Password Authentication Protocol,can_detect,PCI DSS
Distributed Systems Security,has_a,ICS
security policy,is_part_of,Risk Management and Governance
Control,can_detect,GCI
Supervisory control and data acquisition,can_detect,SCADA
SOC,uses,SIEM
Protocol,uses,DES
SAML,can_detect,SAST
Firewall,has_a,ATC
integrity,can_detect,IBE
Extensible Authentication Protocol,can_detect,NIS
Supervisor Mode Access Protection,can_detect,networking
AKE,can_detect,Intrusion Prevention System
Tor,uses,ACC
policy,can_exploit,reverse engineering
NAT,has_a,RAT
Risk Assessment,can_exploit,RSA
AKE,can_detect,OCTAVE
Kerberos,implements,SENT
HTTPS,has_a,ASC
Industrial Control Systems,can_exploit,CAM
MISP,can_exploit,Mandatory Access Control
DES,can_detect,FIPS
Message Authentication Code,can_exploit,Tor
MAC,uses,Key Derivation Function
POP,uses,HTTPS
ARP,can_exploit,DES
Fully Homomorphic Encryption,uses,MPC
Tor,uses,PAC
TLS,can_exploit,exploit
DHKE,has_a,Control
privacy,is_part_of,Law and Regulation
Mobile Security Knowledge Area,uses,integrity
Volatility,can_analyze,memory forensics
Symposium on Security and Privacy,can_exploit,SOC
Control,has_a,ABAC
command injection,can_detect,cross-site scripting
SOIM,can_detect,APT
ESP,is_part_of,DAST
advanced persistent threat,uses,social engineering
The Cyber Security Body,can_detect,PGP
Based Cryptography,has_a,encryption
APT,has_a,ICMP
Nmap,has_a,reliably
Firewall,can_analyze,router
Tor,can_detect,command injection
IP ID,can_analyze,target
SOC,is_a,Protocol
OWE,can_detect,IBE
Control,uses,authentication
Key Infrastructure,can_exploit,PAN
ISI,can_exploit,botnet
IPsec,can_exploit,IBE
Security Policy,can_exploit,LEA
phishing,can_detect,LEA
HPC,has_a,encryption
LEA,can_exploit,ABE
command-line,has_a,version
ISF,can_exploit,Protocol
RSA,implements,KEM
sends,can_analyze,TCP FIN packet
hashing,is_part_of,APT
HTTPS,uses,AKA
Control,uses,MAC
Opportunistic Wireless Encryption,can_exploit,authentication
Tor,uses,Hypertext Transfer Protocol
NIST,uses,NCSC
QKD,uses,Protocol
Preprocessor,can_analyze,packet data
hostname,can_analyze,Ubuntu
LEA,is_part_of,DES
Security Quality Requirements Engineering,can_exploit,Simple Mail Transfer Protocol
Based Access Control,is_part_of,Operating Systems and Virtualisation Security
incident response,can_exploit,TKIP
privacy,uses,access control
HTTPS,can_detect,ICS
RSA,has_a,DES
SOIM,can_exploit,Sender Policy Framework
HTTPS,has_a,privacy
TNC,can_exploit,Transport Layer Security
netblocks,has_a,Firewall
secure coding,has_a,Tor
privacy,uses,ATC
"National Cyber Security
Centre",uses,NIS
Intrusion Detection System,can_exploit,IoT
Internet Protocol,uses,CHAP
PAC,can_detect,Tor
Snort Rules,has_a,payload options
ISI,can_detect,RSA
DMA,can_exploit,phishing
XSS,can_exploit,Content Security Policy
code injection,can_exploit,Encryption
ACL,has_a,ABE
Security Policy,can_exploit,CSP
Encryption,has_a,Decryption
Autopsy,can_analyze,digital forensics
Border Gateway Protocol,can_exploit,CDA
SOC,has_a,ICS
The Cyber Security Body,can_detect,Enhanced Interior Gateway Routing Protocol
scans,has_a,Firewall
Public Key Encryption,uses,SOP
elliptic curve,implements,Protocol
Control Flow Graph,can_exploit,Encryption
AP,is_part_of,Adversarial Behaviours
Access Control List,has_a,AEAD
CTI,has_a,IKE
anonymity,can_detect,Encryption
port scanner,can_analyze,raw IP packets
ECC,has_a,ASONAM
Encapsulation Security Payload,can_detect,Control
secure boot,can_detect,GDPR
Control,is_a,DES
virus,can_exploit,authentication
SCADA,can_detect,Security Assertion Markup Language
Encryption,has_a,ICS
Protocol,can_detect,ABE
The Cyber Security Body,uses,SOC
Key Infrastructure,can_exploit,LEA
OAuth,can_exploit,Network Time Protocol
hashing,has_a,Protocol
ICS,has_a,SSL
IoT,can_exploit,PAC
DSS,uses,RSA
Key Derivation Function,has_a,KEM
accountability,can_detect,CHAP
Digital Serial Interface,can_exploit,privacy
SDL,is_part_of,ICS
Ubuntu system,uses,syslog.conf
Intrusion Prevention System,can_detect,PAC
elliptic curve,can_exploit,APT
DES,implements,anonymity
Nmap,can_detect,malicious attacks
Http,can_exploit,HTTPS
denial of service,can_detect,botnet
DDoS,can_harm,availability
MPC,can_exploit,APT
CAN,can_exploit,ISA
Sql Injection,can_exploit,HIPAA
SSL,uses,Encryption
race condition,uses,ICS
NIST,has_a,NIST CSF
ARP,has_a,AGC
ABAC,uses,policy
DES,can_detect,RSA
LEA,can_exploit,NIS
hash function,has_a,ACL
Protocol,has_a,security awareness
RSA,implements,Public Key Infrastructure
"Workshop on the economics of
information security and privacy",is_part_of,Cyber-Physical Systems Security
Vulnerability Assessment,can_exploit,APT
SOP,can_exploit,denial of service
Intrusion Detection Systems,has_a,Intrusion Detection System
intrusion detection,can_exploit,Internet Key Exchange
CTI,is_part_of,Software Security
NSA,is_part_of,DES
Intrusion Detection System,can_exploit,advanced persistent threat
Sql Injection,can_exploit,web security
symmetric encryption,can_detect,Suricata
Hypertext Transfer Protocol,uses,APT
BSIMM,can_exploit,Border Gateway Protocol
IDS,is_part_of,Network Security
HTTP,has_a,DES
NFV,uses,Tor
Control,can_detect,availability
AKE,can_exploit,Extensible Authentication Protocol
ICS,can_exploit,ISA
DMA,has_a,Hellman Integrated Encryption Scheme
ISF,uses,Tor
IKE,uses,The Cyber Security Body
OSVDB ID,can_analyze,platform
legitimate,can_analyze,Service
code review,uses,Intrusion Detection System
DDoS,has_a,DES
configured,can_analyze,machine
Protocol,has_a,Kerberos
authentication,uses,ISI
The Cyber Security Body,can_detect,DSA
The Cyber Security Body,has_a,Direct Memory Access
Protocol,is_part_of,ICS
Automatic Gain Control,has_a,authentication
IoT,is_a,AKE
EIGRP,can_detect,Digital Serial Interface
privacy,can_exploit,Tor
clickjacking,can_exploit,phishing
KAS,uses,policy
HSM,has_a,LAN
PAC,can_exploit,insider threat
ATC,can_exploit,HTTPS
Tor,uses,VPN
anonymity,uses,PQC
Http,uses,Hypertext Transfer Protocol
CTI,can_exploit,Based Encryption
PAC,has_a,RSA
SOC,can_detect,LEA
network operators,uses,scanners
SOIM,can_exploit,SPF
access control,uses,ABE
Automatic Gain Control,has_a,MAC
Address Resolution Protocol,has_a,PST
Network Security Knowledge Area,can_detect,accountability
Public Key Infrastructure,has_a,Control
SOUPS,can_detect,LEA
CHAP,is_part_of,hashing
blockchain,has_a,botnet
policy,can_exploit,PKI
ABAC,has_a,Based Encryption
PAC,can_exploit,Http
host-timeout,can_analyze,slow hosts
YARA,uses,IBE
AKE,is_a,key management
symmetric encryption,can_exploit,Protocol
Tor,uses,Cryptographically Generated Address
Protocol,is_part_of,reverse engineering
Neighbor Discovery Protocol,can_detect,Control
Local Area Network,can_exploit,The Cyber Security Body
CTI,can_exploit,CAN
symmetric encryption,can_exploit,CSP
Extensible Authentication Protocol,can_detect,Programmable Logic Controller
CHAP,can_exploit,Distributed Systems Security
ACC,can_exploit,Key Infrastructure
MAC,is_part_of,integrity
IDSs,can_analyze,Network
WPA,has_a,Protocol
ASC,uses,DES
SMTP,is_part_of,Sender Policy Framework
SOC,can_detect,Encryption
STRIDE,can_exploit,ICS
Nmap,uses,security auditing
Firewall,uses,sniff
SOC,uses,Public Key Cryptography
Authenticated Encryption with Associated Data,can_detect,SOC
NSS,can_exploit,ISI
Penetration Testing,has_a,Control
IoT,has_a,Http
Public Key Cryptography,uses,PAP
TCP protocol,can_analyze,systems
PAC,can_detect,integrity
NIST,has_a,Hardware Security Module
Nmap,can_analyze,network
LAN,has_a,CHAP
HAC,has_a,The Cyber Security Body
networking,can_exploit,NICE
SDL,has_a,PKI
access control,can_detect,incident response
Tcpdump,uses,monitor
RSA,implements,ICMP
MAC,is_a,DES
symmetric encryption,uses,NIST
Based Encryption,has_a,SOC
access control,can_exploit,Key Value Store
ISF,can_exploit,Software Security Knowledge Area
integrity,can_detect,Tor
US,is_part_of,Malware and Attack Technologies
elliptic curve,implements,ABE
TLS,is_a,Protocol
NIS,can_exploit,encryption
RBAC,is_part_of,NCSC
ransomware,can_exploit,Vulnerability Assessment
botnet,uses,LEA
Encryption,uses,Public Key Cryptography
LEA,can_detect,security awareness
Transport Layer Security,can_exploit,KAS
Multiprotocol Label Switching,can_detect,MPLS
Public Key Encryption,uses,Encryption
RAT,can_exploit,DAC
IPS,has_a,Control
CTI,can_detect,Forum of Incident Response and Security Teams
Tor,uses,LEA
Security and Privacy,can_exploit,privacy
Intrusion Detection,can_detect,DES
ACC,can_detect,firewall
"One intuitive idea for this type of control algorithm is
to use Model Predictive Control",has_a,Common Criteria
severity,can_analyze,message
WAF,can_detect,VPN
Vulnerability Assessment,can_exploit,networking
Http,has_a,hashing
ISI,uses,SAML
IPS,has_a,intrusion prevention
Intrusion Detection Systems,is_part_of,Intrusion Detection System
SDN,has_a,HTTPS
ISI,can_exploit,anonymity
GDPR,can_detect,RBAC
CTF,has_a,DAC
CAN,is_part_of,Protocol
ARP,has_a,DNSSEC
PAC,has_a,Access Point
elliptic curve,implements,PQC
RAT,uses,Protocol
ISI,can_detect,Supervisor Mode Access Protection
Rpcclient,can_analyze,Linux
ACC,can_exploit,anonymity
NFV,can_detect,Network Functions Virtualisation
US,is_part_of,Forensics
ACC,can_detect,Supervisor Mode Access Protection
Protocol,can_exploit,Global Cybersecurity Index
MAC,can_detect,availability
PAC,uses,authentication
MAC,is_part_of,botnet
ISI,is_part_of,Spyware
APT,can_exploit,CHAP
RAT,has_a,The Cyber Security Body
Tor,uses,CSP
HTTP,has_a,ASC
IDS,can_exploit,IDXP
Tor,uses,cloud security
Aircrack-ng,can_exploit,wireless security
Hellman Key Exchange,uses,Protocol
Firewall,has_a,RESET
MISP,can_exploit,authentication
AKE,is_a,DES
Snort,uses,IDPS
HAC,can_exploit,The Cyber Security Body
IDS,has_a,networking
AES,can_detect,HMAC
ACC,can_detect,NIST
RAT,can_detect,intrusion detection
Http,has_a,MSTG
Institute of Information Security Professionals,uses,NIST
Secure Software Lifecycle,is_part_of,Infrastructure Security
Intelligence and Security Informatics,is_part_of,Cyber-Physical Systems Security
ISI,can_exploit,SSL
PAC,uses,MAC
Protocol,can_exploit,Hardware Security Module
social engineering,can_exploit,human factors
DES,implements,Hellman Integrated Encryption Scheme
DES,implements,NTP
authentication,can_exploit,privacy
DES,can_exploit,botnet
Challenge Handshake Authentication Protocol,can_exploit,Control
Digital Signature,can_exploit,NTP
Risk Assessment,can_exploit,return-oriented programming
SAE,has_a,Http
Intrusion Detection,can_detect,RSA
Vulnerability Assessment,can_exploit,Protocol
privacy,uses,The Cyber Security Body
Firewall,uses,ISI
Industrial Control Systems,can_exploit,APT
CAN,has_a,CHAP
policy,is_part_of,SOC
IDS,can_detect,Intrusion Detection System
Encryption,uses,Key Encapsulation Mechanism
PAC,can_exploit,Intrusion Detection Systems
AKE,can_exploit,cross-site scripting
DES,implements,Public Key Cryptography
HTTPS,has_a,OWASP Top 10
ENISA,uses,Tor
Tor,is_part_of,"Authentication, Authorisation and Accountability"
accountability,has_a,Control
open-source,is_part_of,Metasploit framework
SMTP,can_detect,APT
Http,has_a,DMARC
ACL,uses,Tor
OWASP,can_exploit,ORAM
WEP,can_detect,XSS
process,can_detect,attack
ISAKMP,has_a,incident response
rsyslog,has_a,forwarding
ISI,has_a,FIPS
blockchain,is_a,KVS
ACC,can_exploit,Message Authentication Code
DES,implements,Http
RSA,implements,ECDSA
DES,can_detect,NIST
policy,has_a,ABE
RSA,implements,threat modeling
anonymity,can_exploit,hashing
access control,uses,KAS
access control,has_a,Access Control List
authorization,can_exploit,access control
DHT,has_a,Data Encryption Standard
IDS,has_a,Protocol
OWASP,is_part_of,Software Security
Metasploit framework,is_part_of,msfconsole
EAP,uses,Threat Intelligence
LAN,uses,Control
Resource Public Key Infrastructure,has_a,networking
LEA,can_detect,PKI
Control,has_a,Protocol
IoT,has_a,NSA
Encryption,uses,Authenticated Encryption with Associated Data
botnet,can_detect,IBE
SOC,has_a,ISF
privacy,can_detect,firewall
POP,can_detect,botnet
phishing,can_exploit,PST
Tor,uses,ISA
NIS,can_exploit,NSA
Decryption,has_a,LEA
Tor,uses,MISP
Authentication Protocol,can_detect,PGP
DVI,has_a,HTTPS
Control,can_exploit,PAC
PAC,can_exploit,DES
NCA,uses,elliptic curve
VPN,can_detect,Control
remote server,has_a,template
Access Control List,can_detect,authentication
CVE,can_analyze,vulnerability
Address Resolution Protocol,has_a,Tor
open design,is_a,security policy
Nmap,has_a,target port
ASC,has_a,CSP
AKE,can_detect,ESP
Protocol,has_a,APT
DRM,can_detect,NCA
Protocol,can_exploit,DSS
"Open Web
Application Security Project",can_exploit,PAC
integrity,can_exploit,RSA
Control,can_exploit,HAC
MAC,can_detect,symmetric encryption
LEA,can_detect,PAC
Sender Policy Framework,has_a,ICS
SAE,can_exploit,networking
Message Authentication Code,can_detect,POP
AKE,has_a,Tor
Vulnerability Assessment,can_exploit,BYOD
Programmable Logic Controller,can_detect,PLC
accountability,uses,PAC
Outgoing Eclipse Attacks,can_exploit,LEA
DVI,has_a,RAT
ASC,can_exploit,XSS
pen tester,uses,assess
IDS,is_part_of,SOIM
policy,uses,PAP
MAC,is_a,privacy
NIS,can_exploit,DES
FAIR,can_detect,AKE
OWE,can_detect,CTI
integrity,can_exploit,EAP
HTTPS,uses,GDPR
IPS,can_exploit,ISI
Resource Public Key Infrastructure,has_a,Protocol
HSM,can_detect,Hardware Security Module
SOC,uses,DES
RPKI,has_a,PKI
phishing,has_a,LEA
HTTPS,uses,Hyper Text Transfer Protocol Secure
AKE,can_detect,SIEM
VPN,uses,encryption
integrity,can_exploit,STRIDE
hash function,can_exploit,hashing
SSL,can_exploit,RSA
Key Derivation Function,is_a,symmetric encryption
Public Key Cryptography,uses,PKI
IM,is_part_of,Forensics
ARP,has_a,integrity
KDF,can_detect,Privileged Access Never
DES,implements,key management
denial of service,can_detect,Protocol
Encryption,uses,DES
Authentication Header,is_part_of,"Authentication, Authorisation and Accountability"
RAT,uses,Control
Data Encryption Standard,has_a,NSS
blockchain,has_a,SSL
Tor,uses,Software Security Knowledge Area
authentication,can_detect,Http
IPsec,can_detect,DES
RAT,can_detect,CAN
PAN,is_part_of,ICS
CAM,can_detect,IPS
HTTPS,has_a,ICS
network forensics,is_part_of,digital forensics
Tor,can_detect,backdoor
virus,can_exploit,DES
EAP,can_exploit,Security and Privacy Workshops
node,uses,syslogd
ICS,can_exploit,LAN
location,uses,log files
Firewall,is_part_of,network security
reverse engineering,uses,ICS
Tor,uses,Security and Privacy Workshops
Nmap,has_a,output
ISI,has_a,RSA
anonymity,is_part_of,Decryption
ASC,can_exploit,privilege escalation
CTF,has_a,CVE
TISSEC,has_a,policy
Distributed Hash Table,has_a,ARP
ICS,uses,security awareness
SAST,can_exploit,STRIDE
CAM,has_a,DVI
networking,can_exploit,DDoS
ISI,can_exploit,Http
privacy,can_detect,IBE
IoT,uses,Tor
HTTP,uses,ISI
IBE,uses,APT
Tor,uses,DMA
Intrusion Detection Systems,uses,LEA
DVI,can_detect,DES
iptables,uses,configuration files
integrity,is_part_of,CIA triad
ASC,has_a,ISA
DES,implements,NSA
exploit,can_detect,ISI
Tor,uses,elliptic curve
RAT,uses,NIS
sandboxing,can_detect,"Similar attacks are possible for the Reverse
Address Resolution Protocol"
CMA,can_exploit,Security Operating Center
EAP,can_detect,policy
RAT,uses,accountability
Control,has_a,ABE
SMTP,can_detect,Protocol
Protocol,has_a,"Password
Authenticated Key Exchange"
MAC,can_exploit,PAC
RAT,can_detect,GPG
NSA,can_detect,SOUPS
DVI,has_a,GDPR
Global Cybersecurity Index,can_detect,incident response
access privilege,can_analyze,machines
ICMP,has_a,IBE
NSS,has_a,DMARC
AKA,is_a,FIRST
NSA,uses,PCI DSS
AKE,has_a,AKA
policy,uses,security awareness
Sender Policy Framework,can_exploit,SPF
authentication,has_a,Digital Signature
ransomware,can_exploit,Symposium on Security and Privacy
DES,implements,KAS
Protocol,has_a,MITM
OpenSSL,can_exploit,Tor
IoT,is_a,Digital Signature
MAC,can_exploit,HAC
Control,can_detect,code injection
RSA,implements,ICS
SPF,can_exploit,Opportunistic Wireless Encryption
IM,is_part_of,Law and Regulation
DMARC,has_a,HTTPS
ransomware,can_exploit,SOC
CTI,has_a,access control
ICS,uses,CTI
Nmap Scripting Engine,uses,Fragmentation
IPS,has_a,port 113
Key Encapsulation Mechanism,has_a,Key Derivation Function
access control,has_a,Encryption
Internet Message Access Protocol,can_detect,RSA
Syslog,can_analyze,System Log
authentication,has_a,integrity
Nmap,can_analyze,security holes
Digital Signature,can_exploit,DES
cloud security,has_a,Common Vulnerability Scoring System
encryption,can_detect,Encapsulation Security Payload
Control,can_detect,CHAP
Intrusion Detection Systems,can_detect,The Cyber Security Body
Control,has_a,availability
ACL,uses,botnet
Public Key Encryption,can_exploit,RSA
secure coding,has_a,SSL
CSA,has_a,Control
NSA,can_detect,Security Assertion Markup Language
IDPS,can_detect,Control
ENISA,can_detect,OWE
Tor,uses,incident response
privacy,has_a,ISI
IoT,can_exploit,Control
Encryption,uses,KEM
DES,implements,code review
ISI,can_detect,National Cyber Security Centre
AE,is_part_of,Cryptography
NSA,has_a,secure coding
SOC,has_a,MITM
NIST,can_detect,HTTPS
ECC,has_a,Protocol
Public Key Cryptography,uses,APT
HIPAA,has_a,HSTS
SOC,has_a,LEA
Intrusion Detection,can_detect,AKE
networking,has_a,Internet Protocol
ATC,can_detect,Tor
LAN,can_detect,ISA
cross-site scripting,can_exploit,Security Policy
Protocol,has_a,CSP
Protocol,uses,ICS
side-channel attack,is_part_of,Hardware Security
code review,can_exploit,IBE
privacy,uses,Encryption
Intrusion Prevention System,can_detect,intrusion prevention
access control,can_detect,WEP
CHAP,has_a,OWASP
Public Key Cryptography,can_detect,PKE
AKE,uses,access control
HTTPS,has_a,AES
SCADA,can_exploit,SAML
IoT,is_part_of,Cyber-Physical Systems Security
IDS,uses,detect
"Network and
Distributed System Security",is_part_of,Distributed Systems Security
Security Extensions,has_a,DMARC
PAN,is_part_of,NAT
CCS,can_exploit,ransomware
Encryption,has_a,LEA
integrity,uses,ISI
SOIM,can_exploit,separation of duties
Point Protocol,has_a,AKE
PGP,has_a,phishing
SDL,is_part_of,LEA
Nmap,is_part_of,tools
POP,uses,RBAC
Metasploit,uses,explore
PAC,has_a,Network Time Protocol
Common Criteria,has_a,Microsoft Security Development Lifecycle
Firewall,can_detect,Network Attacks
CTI,can_detect,KDF
Control,can_exploit,LEA
privacy,can_exploit,anonymity
APT,can_detect,Intrusion Detection System
Http,can_detect,ACSAC
National Cyber Security Centre,can_detect,PST
NAT,can_detect,APT
Distributed Hash Table,has_a,Security Extensions
Digital Forensics Research Workshop,has_a,HTTPS
CTI,can_exploit,advanced persistent threat
DHT,has_a,DDoS
TLS,can_detect,LAN
APT,can_exploit,CBAC
NFV,can_detect,Multiprotocol Label Switching
integrity,has_a,AEAD
accountability,is_part_of,CHAP
CLASP,can_exploit,Protocol
Tor,uses,MPC
IPS,has_a,CHAP
kernel,uses,logs
botnet,has_a,command injection
ICS,can_detect,Global Cybersecurity Index
Tor,uses,Intrusion Detection System
SOC,can_detect,LAN
Http,has_a,DSS
Encryption,can_exploit,Fully Homomorphic Encryption
Protocol,can_exploit,Computer Forensic Tool Testing
DES,implements,EAP
AKA,has_a,Authentication and Key Agreement
Control,has_a,Virtual Private Network
"Perform dynamic
analysis security
testing",is_part_of,penetration testing
NIST,can_exploit,IBE
OAuth,can_detect,NIST
National Cyber Security Centre,uses,LEA
policy,uses,PKI
SAML,has_a,ICS
crit,can_analyze,Alert
Protocol,is_part_of,LEA
ACL,uses,asymmetric encryption
PKI,can_detect,PKE
RSA,implements,NAT
Hardware Security Module,has_a,access control
IPS,can_exploit,authentication
Packet forwarding,can_analyze,gateway
IDS,has_a,social engineering
PAC,has_a,Intrusion Prevention System
DMARC,has_a,authentication
NIST,has_a,HIPAA
APT,uses,DES
encryption,is_part_of,Tor
FIRST,can_detect,FLASK
ISI,has_a,NIST
AKE,can_detect,Http
availability,can_detect,networking
IPS,can_exploit,MAC
Intrusion Detection,is_part_of,Intrusion Detection Systems
BSIMM,has_a,APT
insider threat,can_exploit,Protocol
Intrusion Detection Systems,uses,IDS
HTTPS,has_a,PKI
IDS,has_a,flagged
NIS,uses,ISI
attacking,can_harm,site
reverse engineering,uses,PKI
TPM,can_detect,policy
ICS,can_exploit,IoT
encryption,can_exploit,hash function
CFRG,can_exploit,Chosen Message Attack
Protocol,has_a,phishing
networking,uses,APT
policy,can_detect,Decryption
IPS,can_exploit,economy of mechanism
DMA,has_a,Sender Policy Framework
intrusion prevention,has_a,Key Derivation Function
incoming,can_analyze,SYN packets
Industrial Control Systems,is_part_of,Cyber-Physical Systems Security
OWASP,can_exploit,HTTPS
NAT,uses,HTTPS
ISI,can_exploit,Local Area Network
PAC,uses,RSA
WPA,can_detect,VXLAN
AES,implements,Encryption
MAC,has_a,Strict Transport Security
privacy,can_detect,Tor
accountability,has_a,CHAP
gateway,has_a,Firewall
ENISA,can_detect,LEA
target,has_a,respond
configures,has_a,/etc/rsyslogd/
HTTPS,has_a,PAC
Industrial Control Systems,can_detect,ICS
AKA,has_a,PAC
PPP,can_detect,DVI
Control,uses,AKE
MAC,can_exploit,LEA
Resolution Protocol,has_a,ICS
ORAM,can_exploit,IPS
RPKI,has_a,Protocol
MSTG,can_detect,NIST
DES,implements,privacy
ACC,can_detect,An Oblivious Random Access Memory
DDoS,can_detect,BGP
ICS,uses,APT
advanced persistent threat,has_a,authentication
PAC,can_detect,Http
NAT,uses,RAT
privacy,is_a,Tor
availability,is_part_of,Risk Assessment
DES,has_a,RSA
IPS,is_part_of,CHAP
SQUARE,has_a,SSL
ACC,can_detect,CTI
availability,can_detect,Protocol
Digital Signature,can_exploit,Public Key Infrastructure
ICMP,has_a,Tor
connection,can_detect,DOS
exploit,can_detect,MAC
accountability,can_exploit,authentication
Access Control List,can_detect,DES
Protocol,has_a,"Large public consortia such
as Cyber Defence Alliance Limited"
NAT,has_a,NIST
NIST,uses,Decryption
Encryption,has_a,phishing
CMA,can_exploit,SSTP
RSA,implements,CFG
ACC,has_a,Discretionary Access Control
FHE,can_detect,PAC
Security and Privacy,can_detect,NSA
DES,implements,SCADA
Kerberos,implements,access control
key management,is_a,LEA
Http,has_a,OWASP
CHAP,can_exploit,integrity
Users share a password with a Kerberos Authentication Server,is_part_of,"Authentication, Authorisation and Accountability"
FAIR,can_exploit,DES
HAC,has_a,HSM
Nmap,uses,port scan
SAML,has_a,Kerberos
OWASP,has_a,"Wiki
The Open Web Application Security Project"
MAC,has_a,Virtual Private Network
least privilege,is_a,security policy
digital forensics,has_a,SOC
privacy,can_detect,CAM
SOC,has_a,IDS
DSS,can_detect,The Cyber Security Body
QKD,has_a,Trojan
symmetric encryption,uses,Public Key Encryption
access control,can_detect,DAC
policy,uses,APT
SOP,can_detect,GDPR
RAT,can_exploit,CLASP
ESP,can_detect,encryption
Metasploit,uses,anti-forensic
AKE,can_detect,key management
separation of duties,has_a,ATC
PAC,can_detect,Based Access Control
Internet Key Exchange,can_exploit,IDXP
Protocol,has_a,DMA
Tor,can_exploit,RSA
POP,can_detect,Industrial Control Systems
AKE,has_a,ESP
CHAP,can_exploit,Control Flow Graph
Protocol,can_exploit,AKA
Security Operations and Incident Management,is_part_of,Attacks Defences
machine,has_a,Nmap
SPF,can_exploit,PAN
SQUARE,uses,Tor
NAT,can_detect,Digital Serial Interface
fault injection,is_part_of,Hardware Security
Policy,is_part_of,Risk Management and Governance
LEA,has_a,PAC
virus,can_exploit,AKE
DSS,can_detect,DSA
Tor,uses,"Wiki
The Open Web Application Security Project"
Authenticated Encryption with Associated Data,has_a,Control
Protocol,uses,PKI
International Conference on Advances in Social Networks Analysis and Mining,is_part_of,Security Operations and Incident Management
Intrusion Detection System,can_detect,RAT
CLASP,can_exploit,Control
sandboxing,can_exploit,CSP
IDS,is_part_of,Snort
AKE,can_exploit,Digital Signature
Snort,uses,networking
secure boot,can_detect,AKE
AGC,has_a,ICS
scripts,can_detect,brute force attacks
Message Authentication Code,can_detect,CAM
access control,has_a,HSM
Information Systems Security Professional,uses,CISSP
BSIMM,can_exploit,policy
SOC,has_a,DMA
Snort Rules,has_a,language
PST,has_a,PPTP
APT,can_detect,CHAP
Control,can_exploit,Software Security Knowledge Area
RAT,has_a,Based Encryption
IDS,is_part_of,Intrusion Detection System
Suricata,can_detect,intrusion detection
Public Key Encryption,can_detect,Protected Extensible Authentication Protocol
Http,can_exploit,cross-site scripting
AKE,can_exploit,integrity
privacy,can_exploit,Http
ICS,has_a,DAST
MAC,can_exploit,man-in-the-middle
default,is_part_of,Nmap
SOC,can_exploit,DSS
GDPR,implements,privacy
AEAD,uses,Authenticated Encryption with Associated Data
penetration testing,uses,Nmap
DCS,uses,Industrial Control Systems
UCON,has_a,NIST
NDP,can_detect,key management
ARP,can_exploit,ACC
target,has_a,Metasploit
AKE,can_exploit,CTI
Authentication and Key Agreement,has_a,PAC
spoofing,can_harm,authentication
IDSs,has_a,passively
Privileged Access Never,can_detect,PAN
NICE,uses,NIST
CAN,can_exploit,Key Value Store
Detection Engine,uses,detection technique
IMAP,uses,Tor
dictionary attack,can_detect,Control
accountability,uses,Control
SSH service,has_a,OpenSSH
Automatic Gain Control,has_a,AKE
AKE,can_exploit,Control Flow Graph
HTTPS,uses,HTTP
asymmetric encryption,can_exploit,Tor
DES,implements,SAST
APT,has_a,cloud security
CHAP,can_detect,MAC
Snort,uses,SOC
networking,uses,Protocol
MAC,can_exploit,MISP
IISP,uses,Tor
DHKE,can_exploit,RSA
encryption,can_detect,Based Access Control
AKE,can_detect,DES
PKCS,uses,Public Key Cryptography
wrapper,can_analyze,smbclient
Snort,uses,Protocol
Digital Signature,can_exploit,AKE
3DES,uses,AES
networking,uses,CSP
Control,can_detect,access control
MAC,uses,Tor
HTTP,has_a,CTI
NIST,can_exploit,Tor
GDPR,can_detect,integrity
LEA,has_a,APT
Control,can_detect,ATC
IDS,uses,Protocol
DVI,has_a,DES
Public Key Cryptography,is_a,elliptic curve
ICS,can_exploit,DAC
Decryption,has_a,DDoS
sneaking past,has_a,IDSs
availability,can_exploit,ICS
users,uses,Network
John the Ripper,can_exploit,password
RSA,is_part_of,AES
Protocol,can_exploit,Mandatory Access Control
HTTP,uses,"National Cyber Security
Centre"
GDPR,can_detect,CTI
CTI,has_a,Hardware Security Module
brute force,can_exploit,authentication
ICS,has_a,threat modeling
cloud security,has_a,CTF
PEAP,can_detect,EAP
POP,uses,Authenticated Encryption
critical,can_analyze,Data
The Cyber Security Body,can_detect,ISI
OpenSSL,uses,LEA
integrity,uses,Transport Layer Security
Status Protocol,can_exploit,RAT
rules,has_a,TCP protocol
accountability,can_detect,single sign-on
The Cyber Security Body,can_exploit,Tor
Chosen Message Attack,can_exploit,LEA
access control,has_a,HIDS
ICS,is_a,FIRST
DAC,has_a,incident response
Extensible Authentication Protocol,can_detect,The Cyber Security Body
Protocol,has_a,MPC
NAT,is_part_of,IBE
TNC,can_exploit,Tor
IoT,can_exploit,code injection
clickjacking,can_detect,phishing
Protocol,uses,APT
Protocol,uses,Network Security Knowledge Area
"Crypto Forum Research
Group",has_a,Identity Based Encryption
ENISA,has_a,"Security Information and
Event Management"
"This leads to the notion of
Authenticated Key Exchange",has_a,"One of the most important security standards in this
space started with the Instruction Set Architecture"
"This leads to the notion of
Authenticated Key Exchange",has_a,The Common Vulnerability Scoring System
Protocol,has_a,"This leads to the notion of
Authenticated Key Exchange"
"Sextortion is becoming such a relevant threat that crime prevention agencies such as the
National Crime Agency",has_a,Guide to attribute based access control
Linux patches for security originally developed by the National Security Agency,uses,"The Network and Distributed System
Security Symposium"
Common Criteria,uses,Guide to attribute based access control
Protocol,can_detect,"Attacks On Ethernet Switches
Ethernet switches maintain forwarding table entries in a Content Addressable Memory"
"This leads to the notion of
Authenticated Key Exchange",has_a,"At this point it is important to highlight the difference between using Tor and using a Virtual
Private Network"
"This leads to the notion of
Authenticated Key Exchange",has_a,"Sextortion is becoming such a relevant threat that crime prevention agencies such as the
National Crime Agency"
"This leads to the notion of
Authenticated Key Exchange",has_a,The risks arising from Bring Your Own Device
Control,uses,Annual Computer Security Applications Conference
Protocol,uses,Public Key Infrastructure
Policy,has_a,Computer Security Foundations Workshop
sandboxing,can_detect,"Attacks On Ethernet Switches
Ethernet switches maintain forwarding table entries in a Content Addressable Memory"
HTTP,uses,Secure Hash Standard
OAuth,uses,Secure Hash Standard
"At this point it is important to highlight the difference between using Tor and using a Virtual
Private Network",can_detect,SQL injection
code review,uses,"Intrusion Detection
Message Exchange Format"
BSIMM,uses,Public Key Infrastructure
IPsec,has_a,The supervisory control layer is where the Supervisory Control and Data Acquisition
ransomware,uses,"Another
routing attack variant is Routing Table Poisoning"
HTTP,has_a,Tor
HTTP,has_a,HTTPS
HTTPS,uses,ISA
HTTPS,uses,NAT
HTTPS,uses,AKE
ISA,uses,The Cyber Security Body
NAT,uses,The Cyber Security Body
AKE,uses,The Cyber Security Body
The Cyber Security Body,uses,HTTP
The Cyber Security Body,uses,NIS
The Cyber Security Body,uses,IKE
HTTP,uses,IKE
HTTP,uses,National Cyber Security Centre
NIS,uses,IKE
NIS,uses,National Cyber Security Centre
NIS,uses,"National Cyber Security
Centre"
IKE,uses,"National Cyber Security
Centre"
IKE,uses,ISI
National Cyber Security Centre,uses,"National Cyber Security
Centre"
National Cyber Security Centre,uses,ISI
"National Cyber Security
Centre",uses,ISI
ICS,can_exploit,RAT
ICS,can_exploit,RSA
RAT,can_exploit,RSA
RAT,can_exploit,The Cyber Security Body
The Cyber Security Body,can_exploit,ESP
CTI,can_exploit,ESP
CTI,can_exploit,Tor
ESP,can_exploit,Tor
ACC,uses,ISA
ACC,uses,The Cyber Security Body
ISA,uses,RAT
ISA,uses,accountability
RAT,uses,The Cyber Security Body
The Cyber Security Body,uses,accountability
The Cyber Security Body,uses,authentication
accountability,uses,Distributed Systems Security
authentication,uses,Distributed Systems Security
Protocol,has_a,The Cyber Security Body
The Cyber Security Body,has_a,ISI
ISI,has_a,IBE
ISI,has_a,DES
PAP,is_part_of,ICS
PAP,is_part_of,LEA
PAP,is_part_of,LAN
ICS,is_part_of,LAN
ICS,is_part_of,CCS
LEA,is_part_of,LAN
LEA,is_part_of,CCS
LEA,is_part_of,ISA
LAN,is_part_of,CCS
LAN,is_part_of,NAT
CCS,is_part_of,ISA
CCS,is_part_of,NIS
ISA,is_part_of,NAT
ISA,is_part_of,PAN
NAT,is_part_of,NIS
NAT,is_part_of,PAN
NIS,is_part_of,PAN
NIS,is_part_of,CTI
NIS,is_part_of,ESP
PAN,is_part_of,CTI
PAN,is_part_of,ESP
PAN,is_part_of,ISI
CTI,is_part_of,ISI
CTI,is_part_of,SOC
ESP,is_part_of,ISI
ESP,is_part_of,SOC
ISI,is_part_of,DES
ISI,is_part_of,CAN
SOC,is_part_of,DES
SOC,is_part_of,CAN
DES,implements,CAN
ISA,can_exploit,The Cyber Security Body
ISA,can_exploit,privacy
RSA,implements,privacy
The Cyber Security Body,can_exploit,privacy
The Cyber Security Body,can_exploit,DAC
privacy,can_exploit,DAC
DAC,can_exploit,Tor
LAN,has_a,ACC
ACC,has_a,ISA
ISA,has_a,APT
ISA,has_a,KAS
ISA,has_a,AKE
APT,has_a,KAS
APT,has_a,The Cyber Security Body
KAS,has_a,AKE
KAS,has_a,The Cyber Security Body
KAS,has_a,accountability
The Cyber Security Body,has_a,accountability
The Cyber Security Body,has_a,ABE
accountability,has_a,Tor
accountability,has_a,ABE
Tor,uses,ASC
ABE,has_a,ASC
ABE,has_a,CAN
authentication,has_a,ASC
authentication,has_a,CAN
SENT,has_a,RAT
SENT,has_a,NAT
SENT,has_a,The Cyber Security Body
RAT,has_a,NAT
NAT,has_a,The Cyber Security Body
NAT,has_a,NIS
NAT,has_a,CAM
The Cyber Security Body,has_a,CAM
NIS,has_a,CAM
NIS,has_a,RAT
ISI,can_exploit,NAT
The Cyber Security Body,can_exploit,NAT
ICS,uses,RAT
ICS,uses,The Cyber Security Body
LEA,uses,RAT
LEA,uses,The Cyber Security Body
The Cyber Security Body,uses,CTI
NIS,has_a,Tor
NIS,has_a,ISA
ISA,can_exploit,PAC
ISA,can_exploit,"Open Web
Application Security Project"
PAC,can_exploit,"Open Web
Application Security Project"
"Open Web
Application Security Project",can_exploit,AKE
"Open Web
Application Security Project",can_exploit,CVE
The Cyber Security Body,can_exploit,NIS
AKE,can_exploit,NIS
CVE,can_exploit,CTI
CVE,can_exploit,OWASP
NIS,can_exploit,CTI
NIS,can_exploit,OWASP
NIS,can_exploit,CAN
CTI,can_exploit,OWASP
OWASP,can_exploit,CAN
RAT,uses,AKE
ISA,uses,NIS
CTI,uses,IKE
CTI,uses,Tor
Tor,uses,Policy
SOC,uses,Policy
SOC,uses,PAC
Policy,uses,PAC
RAT,can_detect,ISA
RAT,can_detect,RSA
RAT,can_detect,phishing
ISA,can_detect,RSA
ISA,can_detect,phishing
ISA,can_detect,PAC
RSA,implements,PAC
phishing,can_detect,PAC
phishing,can_detect,AKE
PAC,can_detect,AKE
PAC,can_detect,NIS
AKE,can_detect,The Cyber Security Body
AKE,can_detect,NIS
The Cyber Security Body,can_detect,NIS
NIS,can_detect,CTI
NIS,can_detect,ISI
NIS,can_detect,ESP
CTI,can_detect,exploit
ISI,can_detect,ESP
ISI,can_detect,exploit
ESP,can_detect,Tor
ESP,can_detect,SOC
exploit,can_detect,SOC
SOC,can_detect,DES
SOC,can_detect,CAN
APT,can_harm,privacy
ICS,uses,NAT
RAT,uses,NAT
Control,uses,NAT
Control,uses,The Cyber Security Body
NAT,uses,privacy
NAT,uses,Policy
The Cyber Security Body,uses,privacy
The Cyber Security Body,uses,Policy
privacy,uses,Policy
HAC,can_exploit,ICS
HAC,can_exploit,RAT
HAC,can_exploit,ISA
RSA,implements,NIS
NIS,can_exploit,Tor
APT,has_a,RAT
CHAP,has_a,RAT
RAT,can_detect,NAT
RAT,can_detect,APT
RAT,can_detect,Intrusion Detection Systems
NAT,can_detect,Intrusion Detection Systems
APT,can_detect,Intrusion Detection Systems
APT,can_detect,The Cyber Security Body
Intrusion Detection Systems,can_detect,Intrusion Detection System
Intrusion Detection Systems,can_detect,IDS
Intrusion Detection System,can_detect,The Cyber Security Body
Intrusion Detection System,can_detect,IDS
Intrusion Detection System,can_detect,CTI
The Cyber Security Body,can_detect,IDS
IDS,can_detect,CTI
IDS,can_detect,SOIM
CTI,can_detect,SOIM
CTI,can_detect,intrusion detection
CTI,can_detect,Tor
SOIM,can_detect,intrusion detection
SOIM,can_detect,IBE
intrusion detection,can_detect,Tor
LAN,can_detect,ICS
LAN,can_detect,RAT
LAN,can_detect,The Cyber Security Body
ICS,can_detect,RAT
ICS,can_detect,The Cyber Security Body
ICS,can_detect,Tor
RAT,can_detect,The Cyber Security Body
RAT,can_detect,Tor
RAT,can_detect,Security Information and Event Management
The Cyber Security Body,can_detect,Security Information and Event Management
APT,has_a,ICS
LEA,has_a,ICS
NIST,has_a,SENT
NIST,has_a,RAT
ICS,has_a,SENT
ICS,has_a,RAT
ICS,has_a,NAT
SENT,has_a,AKE
RAT,has_a,AKE
AKE,has_a,NIS
NIS,has_a,CTI
NIS,has_a,IPS
NIS,has_a,ESP
CTI,has_a,IPS
IPS,has_a,ESP
IPS,has_a,CAN
ISI,has_a,CAN
NIST,can_exploit,hash function
AEAD,can_exploit,RAT
HMAC,implements,RAT
HMAC,implements,MAC
HMAC,can_exploit,DES
RAT,can_exploit,MAC
MAC,can_exploit,The Cyber Security Body
MAC,can_exploit,NIS
DES,implements,The Cyber Security Body
The Cyber Security Body,can_exploit,authentication
NIS,can_exploit,authentication
CTI,can_exploit,authentication
CTI,can_exploit,encryption
CTI,can_exploit,Message Authentication Code
authentication,can_exploit,encryption
authentication,can_exploit,CAN
encryption,can_exploit,Message Authentication Code
encryption,can_exploit,CAN
LEA,is_part_of,NAT
LEA,is_part_of,ACC
Protocol,is_part_of,NAT
Protocol,is_part_of,ACC
Protocol,is_part_of,The Cyber Security Body
NAT,is_part_of,ACC
NAT,is_part_of,The Cyber Security Body
ACC,is_part_of,The Cyber Security Body
ACC,is_part_of,CTI
ACC,is_part_of,ISI
The Cyber Security Body,is_part_of,CTI
The Cyber Security Body,is_part_of,ISI
CTI,is_part_of,Tor
ISI,is_part_of,IBE
ISI,is_part_of,encryption
Tor,uses,encryption
IBE,is_part_of,encryption
encryption,is_part_of,DES
encryption,is_part_of,CAN
LEA,can_detect,ACC
Protocol,can_detect,OWE
Protocol,can_detect,ACC
Protocol,can_detect,An Oblivious Random Access Memory
OWE,can_detect,ACC
OWE,can_detect,An Oblivious Random Access Memory
ACC,can_detect,The Cyber Security Body
An Oblivious Random Access Memory,can_detect,The Cyber Security Body
An Oblivious Random Access Memory,can_detect,ORAM
An Oblivious Random Access Memory,can_detect,privacy
The Cyber Security Body,can_detect,privacy
ORAM,can_detect,privacy
ORAM,can_detect,elliptic curve
privacy,can_detect,CTI
privacy,can_detect,CAN
CTI,can_detect,elliptic curve
elliptic curve,implements,CAN
ISA,has_a,RAT
ISA,can_exploit,DES
NCA,has_a,CHAP
SENT,has_a,ISA
ISA,has_a,The Cyber Security Body
ISA,has_a,threat modeling
The Cyber Security Body,has_a,threat modeling
threat modeling,has_a,NIS
NIS,has_a,Distributed Systems Security
CTI,has_a,Distributed Systems Security
ESP,has_a,Distributed Systems Security
Distributed Systems Security,has_a,DES
ISA,has_a,accountability
APT,has_a,authentication
LEA,can_detect,Open Web Application Security Project
HTTPS,can_detect,Open Web Application Security Project
HTTPS,can_detect,OWE
Open Web Application Security Project,can_detect,OWE
Open Web Application Security Project,can_detect,APT
Open Web Application Security Project,can_detect,ISA
OWE,can_detect,APT
OWE,can_detect,ISA
OWE,can_detect,"Resources
The Open Web Application Security Project"
APT,can_detect,ISA
APT,can_detect,"Resources
The Open Web Application Security Project"
ISA,can_detect,"Resources
The Open Web Application Security Project"
ISA,can_detect,reverse engineering
ISA,can_detect,The Cyber Security Body
"Resources
The Open Web Application Security Project",can_detect,The Cyber Security Body
"Resources
The Open Web Application Security Project",can_detect,HTTP
reverse engineering,can_detect,The Cyber Security Body
reverse engineering,can_detect,HTTP
reverse engineering,can_detect,NIS
The Cyber Security Body,can_detect,HTTP
HTTP,can_detect,NIS
HTTP,can_detect,CTI
HTTP,can_detect,ISI
NIS,can_detect,OWASP
CTI,can_detect,OWASP
ISI,can_detect,OWASP
ISI,can_detect,DES
OWASP,can_detect,DES
OWASP,can_detect,CHAP
DES,implements,CHAP
APT,has_a,ASC
Based Access Control,uses,LEA
Based Access Control,uses,ACC
Based Access Control,uses,CHAP
LEA,uses,ACC
LEA,uses,CHAP
ACC,uses,CHAP
ACC,uses,Control
CHAP,uses,The Cyber Security Body
Control,uses,APT
Control,uses,CTI
APT,uses,The Cyber Security Body
APT,uses,access control
The Cyber Security Body,uses,access control
The Cyber Security Body,uses,ESP
CTI,uses,access control
access control,uses,ESP
access control,uses,CAN
ESP,uses,Tor
HTTPS,has_a,Open Web Application Security Project
HTTPS,has_a,ISA
HTTPS,has_a,NAT
Open Web Application Security Project,has_a,ISA
Open Web Application Security Project,has_a,NAT
Open Web Application Security Project,has_a,ASC
ISA,has_a,NAT
ISA,has_a,ASC
NAT,has_a,ASC
ASC,has_a,The Cyber Security Body
ASC,has_a,CTF
ASC,has_a,"Wiki
The Open Web Application Security Project"
The Cyber Security Body,has_a,CTF
The Cyber Security Body,has_a,HTTP
CTF,has_a,"Wiki
The Open Web Application Security Project"
CTF,has_a,NIS
"Wiki
The Open Web Application Security Project",has_a,HTTP
"Wiki
The Open Web Application Security Project",has_a,NIS
"Wiki
The Open Web Application Security Project",has_a,CTI
HTTP,has_a,NIS
HTTP,has_a,IKE
NIS,has_a,IKE
NIS,has_a,OWASP
CTI,has_a,OWASP
IKE,has_a,OWASP
IKE,has_a,Tor
IKE,has_a,DES
OWASP,has_a,DES
OWASP,has_a,CAN
LAN,is_part_of,DAST
LAN,is_part_of,LEA
LAN,is_part_of,SDL
DAST,is_part_of,LEA
DAST,is_part_of,SDL
DAST,is_part_of,ICS
LEA,is_part_of,SDL
LEA,is_part_of,ICS
LEA,is_part_of,RAT
SDL,is_part_of,RAT
SDL,is_part_of,Control
ICS,is_part_of,RAT
ICS,is_part_of,Control
ICS,is_part_of,penetration testing
RAT,is_part_of,Control
RAT,is_part_of,penetration testing
RAT,is_part_of,The Cyber Security Body
Control,is_part_of,penetration testing
Control,is_part_of,The Cyber Security Body
Control,is_part_of,SAST
penetration testing,is_part_of,The Cyber Security Body
penetration testing,is_part_of,SAST
penetration testing,is_part_of,"Perform dynamic
analysis security
testing"
The Cyber Security Body,is_part_of,SAST
The Cyber Security Body,is_part_of,"Perform dynamic
analysis security
testing"
SAST,is_part_of,CTI
SAST,is_part_of,"Perform static analysis
security testing"
"Perform dynamic
analysis security
testing",is_part_of,CTI
"Perform dynamic
analysis security
testing",is_part_of,"Perform static analysis
security testing"
"Perform dynamic
analysis security
testing",is_part_of,ESP
CTI,is_part_of,"Perform static analysis
security testing"
CTI,is_part_of,incident response
"Perform static analysis
security testing",is_part_of,incident response
"Perform static analysis
security testing",is_part_of,secure coding
ESP,is_part_of,incident response
ESP,is_part_of,secure coding
incident response,is_part_of,secure coding
incident response,is_part_of,DES
incident response,is_part_of,code review
secure coding,is_part_of,DES
secure coding,is_part_of,code review
EAP,can_detect,RAT
EAP,can_detect,Point Protocol
EAP,can_detect,IKE
RAT,can_detect,Point Protocol
RAT,can_detect,IKE
RAT,can_detect,Level Data Link Control
Point Protocol,can_detect,IKE
Point Protocol,can_detect,Password Authentication Protocol
IKE,can_detect,Level Data Link Control
IKE,can_detect,Password Authentication Protocol
IKE,can_detect,DES
Level Data Link Control,can_detect,Password Authentication Protocol
Level Data Link Control,can_detect,LAN
Password Authentication Protocol,can_detect,DES
Password Authentication Protocol,can_detect,LAN
Password Authentication Protocol,can_detect,Challenge Handshake Authentication Protocol
DES,implements,Challenge Handshake Authentication Protocol
LAN,can_detect,Challenge Handshake Authentication Protocol
LAN,can_detect,Extensible Authentication Protocol
LAN,can_detect,OWE
Challenge Handshake Authentication Protocol,can_detect,Extensible Authentication Protocol
Challenge Handshake Authentication Protocol,can_detect,OWE
Challenge Handshake Authentication Protocol,can_detect,Authentication Protocol
Extensible Authentication Protocol,can_detect,OWE
Extensible Authentication Protocol,can_detect,Authentication Protocol
Extensible Authentication Protocol,can_detect,PEAP
OWE,can_detect,Authentication Protocol
OWE,can_detect,PEAP
Authentication Protocol,can_detect,PEAP
Authentication Protocol,can_detect,The Cyber Security Body
Authentication Protocol,can_detect,AKE
PEAP,can_detect,The Cyber Security Body
PEAP,can_detect,AKE
PEAP,can_detect,TLS
The Cyber Security Body,can_detect,AKE
The Cyber Security Body,can_detect,TLS
The Cyber Security Body,can_detect,RADIUS
AKE,can_detect,TLS
AKE,can_detect,RADIUS
TLS,can_detect,RADIUS
TLS,can_detect,ESP
RADIUS,implements,ESP
RADIUS,implements,authentication
RADIUS,implements,HDLC
ESP,can_detect,authentication
ESP,can_detect,HDLC
ESP,can_detect,DVI
authentication,can_detect,HDLC
authentication,can_detect,PAP
HDLC,can_detect,DVI
HDLC,can_detect,PAP
HDLC,can_detect,dictionary attack
DVI,can_detect,PAP
DVI,can_detect,dictionary attack
DVI,can_detect,POP
PAP,can_detect,dictionary attack
PAP,can_detect,POP
PAP,can_detect,Protocol
dictionary attack,can_detect,POP
dictionary attack,can_detect,Protocol
dictionary attack,can_detect,CHAP
POP,can_detect,CHAP
POP,can_detect,Control
Protocol,can_detect,CHAP
Protocol,can_detect,Control
Protocol,can_detect,CTI
CHAP,can_detect,CTI
CHAP,can_detect,PPP
Control,can_detect,CTI
Control,can_detect,PPP
Control,can_detect,Tor
CTI,can_detect,PPP
PPP,can_detect,Tor
PPP,can_detect,CAN
POP,has_a,NAT
POP,has_a,The Cyber Security Body
The Cyber Security Body,has_a,IKE
NIST,has_a,SIEM
LAN,has_a,RAT
LAN,has_a,NAT
RAT,has_a,SIEM
SIEM,has_a,NAT
SIEM,has_a,The Cyber Security Body
SIEM,has_a,IoT
NAT,has_a,IoT
The Cyber Security Body,has_a,IoT
IoT,has_a,CTI
IoT,has_a,ESP
AEAD,has_a,Based Access Control
AEAD,has_a,RAT
Based Access Control,has_a,access control
Based Access Control,has_a,ABE
RAT,has_a,access control
RAT,has_a,ABE
RAT,has_a,MPC
access control,has_a,ABE
access control,has_a,MPC
access control,has_a,encryption
ABE,has_a,encryption
MPC,has_a,encryption
MPC,has_a,LAN
encryption,has_a,Authenticated Encryption
encryption,has_a,LAN
encryption,has_a,Access Control List
Authenticated Encryption,has_a,LAN
Authenticated Encryption,has_a,Access Control List
Authenticated Encryption,has_a,ACC
LAN,has_a,Access Control List
LAN,has_a,Advanced Encryption Standard
Access Control List,has_a,ACC
Access Control List,has_a,Advanced Encryption Standard
Access Control List,has_a,ACL
ACC,has_a,AES
ACL,has_a,Authenticated Encryption with Associated Data
ACL,has_a,authentication
AES,implements,Authenticated Encryption with Associated Data
AES,implements,authentication
AES,implements,Based Encryption
Authenticated Encryption with Associated Data,has_a,Based Encryption
authentication,has_a,Based Encryption
authentication,has_a,ABAC
Based Encryption,has_a,Control
Based Encryption,has_a,ABAC
ABAC,has_a,Tor
ABAC,has_a,SOC
RAT,has_a,RSA
RAT,has_a,authorization
RAT,has_a,Authentication and Key Agreement
RSA,implements,authorization
RSA,implements,Authentication and Key Agreement
RSA,has_a,advanced persistent threat
authorization,has_a,Authentication and Key Agreement
authorization,has_a,advanced persistent threat
authorization,has_a,MAC
Authentication and Key Agreement,has_a,advanced persistent threat
Authentication and Key Agreement,has_a,MAC
Authentication and Key Agreement,has_a,Address Resolution Protocol
advanced persistent threat,has_a,MAC
advanced persistent threat,has_a,Address Resolution Protocol
advanced persistent threat,has_a,Automatic Gain Control
MAC,has_a,Automatic Gain Control
Address Resolution Protocol,has_a,Automatic Gain Control
Address Resolution Protocol,has_a,ASC
Automatic Gain Control,has_a,virus
Automatic Gain Control,has_a,ASC
Automatic Gain Control,has_a,ARP
virus,has_a,ASC
virus,has_a,ARP
virus,has_a,ACC
ASC,has_a,ARP
ASC,has_a,ACC
ARP,has_a,ACC
ARP,has_a,ISA
ARP,has_a,Access Point
ACC,has_a,Access Point
ISA,has_a,Access Point
Access Point,has_a,AKE
Access Point,has_a,The Cyber Security Body
AKE,has_a,AGC
AKE,has_a,ATC
The Cyber Security Body,has_a,AGC
The Cyber Security Body,has_a,ATC
The Cyber Security Body,has_a,authentication
AGC,has_a,ATC
AGC,has_a,authentication
AGC,has_a,Resolution Protocol
ATC,has_a,PAC
authentication,has_a,Resolution Protocol
authentication,has_a,PAC
authentication,has_a,AKA
Resolution Protocol,has_a,PAC
Resolution Protocol,has_a,AKA
PAC,has_a,AKA
PAC,has_a,ICS
PAC,has_a,Protocol
AKA,has_a,ICS
AKA,has_a,Protocol
AKA,has_a,Control
ICS,has_a,Protocol
Protocol,has_a,Control
Control,has_a,APT
Control,has_a,CTI
Control,has_a,Authentication Header
APT,has_a,Authentication Header
CTI,has_a,Authentication Header
Based Access Control,can_exploit,CCS
Based Access Control,can_exploit,Vulnerability Assessment
CCS,can_exploit,Vulnerability Assessment
CCS,can_exploit,RAT
Vulnerability Assessment,can_exploit,RAT
Vulnerability Assessment,can_exploit,access control
Vulnerability Assessment,can_exploit,Border Gateway Protocol
RAT,can_exploit,Border Gateway Protocol
RAT,can_exploit,BYOD
access control,can_exploit,CBAC
Border Gateway Protocol,can_exploit,CBAC
Border Gateway Protocol,can_exploit,ISI
BYOD,can_exploit,CBAC
BYOD,can_exploit,ISI
BYOD,can_exploit,Controller Area Network
CBAC,can_exploit,ISI
CBAC,can_exploit,Message Authentication Code
ISI,can_exploit,Controller Area Network
ISI,can_exploit,Message Authentication Code
ISI,can_exploit,ACC
Controller Area Network,can_exploit,ACC
Controller Area Network,can_exploit,Common Criteria
Message Authentication Code,can_exploit,ACC
Message Authentication Code,can_exploit,Common Criteria
Message Authentication Code,can_exploit,CCMP
ACC,can_exploit,Common Criteria
ACC,can_exploit,CCMP
ACC,can_exploit,Code Protocol
Common Criteria,can_exploit,CCMP
Common Criteria,can_exploit,The Cyber Security Body
CCMP,can_exploit,Code Protocol
CCMP,can_exploit,The Cyber Security Body
CCMP,can_exploit,authentication
Code Protocol,can_exploit,The Cyber Security Body
Code Protocol,can_exploit,authentication
Code Protocol,can_exploit,Protocol
The Cyber Security Body,can_exploit,Control
authentication,can_exploit,APT
Protocol,can_exploit,Control
Protocol,can_exploit,BSIMM
Control,can_exploit,APT
Control,can_exploit,BSIMM
Control,can_exploit,CDA
APT,can_exploit,BSIMM
APT,can_exploit,CDA
APT,can_exploit,CAM
BSIMM,can_exploit,CAM
BSIMM,can_exploit,availability
CDA,can_exploit,CAM
CDA,can_exploit,availability
CDA,can_exploit,BGP
CAM,can_exploit,BGP
CAM,can_exploit,CAN
availability,can_exploit,BGP
availability,can_exploit,CAN
BGP,can_exploit,CAN
RAT,can_exploit,CFG
RAT,can_exploit,ABE
RAT,can_exploit,encryption
CFG,can_exploit,ABE
ABE,can_exploit,encryption
ABE,can_exploit,Cryptographically Generated Address
ABE,can_exploit,CMA
encryption,can_exploit,Cryptographically Generated Address
encryption,can_exploit,CMA
encryption,can_exploit,Chosen Message Attack
Cryptographically Generated Address,can_exploit,CMA
Cryptographically Generated Address,can_exploit,Chosen Message Attack
Cryptographically Generated Address,can_exploit,Challenge Handshake Authentication Protocol
CMA,can_exploit,Chosen Message Attack
CMA,can_exploit,AKE
Chosen Message Attack,can_exploit,Challenge Handshake Authentication Protocol
Chosen Message Attack,can_exploit,AKE
Chosen Message Attack,can_exploit,The Cyber Security Body
Challenge Handshake Authentication Protocol,can_exploit,AKE
Challenge Handshake Authentication Protocol,can_exploit,The Cyber Security Body
AKE,can_exploit,The Cyber Security Body
The Cyber Security Body,can_exploit,Control Flow Graph
The Cyber Security Body,can_exploit,Policy
Control Flow Graph,can_exploit,ESP
Control Flow Graph,can_exploit,authentication
ESP,can_exploit,Policy
ESP,can_exploit,authentication
ESP,can_exploit,CFTT
Policy,can_exploit,authentication
Policy,can_exploit,CFTT
Policy,can_exploit,Based Encryption
authentication,can_exploit,CFTT
authentication,can_exploit,Based Encryption
CFTT,can_exploit,Based Encryption
CFTT,can_exploit,CFRG
Based Encryption,can_exploit,CFRG
Based Encryption,can_exploit,CLASP
Based Encryption,can_exploit,Protocol
CFRG,can_exploit,CLASP
CFRG,can_exploit,CHAP
CLASP,can_exploit,CHAP
Protocol,can_exploit,CHAP
Protocol,can_exploit,NAT
CHAP,can_exploit,NAT
Control,can_exploit,NAT
NAT,can_exploit,integrity
NAT,can_exploit,Computer Forensic Tool Testing
integrity,can_exploit,Computer Forensic Tool Testing
integrity,can_exploit,CGA
integrity,can_exploit,CTI
Computer Forensic Tool Testing,can_exploit,CGA
Computer Forensic Tool Testing,can_exploit,CTI
Computer Forensic Tool Testing,can_exploit,Tor
CGA,can_exploit,CTI
CGA,can_exploit,Tor
CGA,can_exploit,availability
CTI,can_exploit,availability
CTI,can_exploit,Lightweight Application Security Process
Tor,uses,Lightweight Application Security Process
Tor,uses,Authentication Protocol
availability,can_exploit,Lightweight Application Security Process
availability,can_exploit,Authentication Protocol
Lightweight Application Security Process,can_exploit,Authentication Protocol
CSRF,has_a,cloud security
CSRF,has_a,RSA
RAT,has_a,cloud security
RAT,has_a,CVSS
cloud security,has_a,RSA
cloud security,has_a,CVSS
RSA,implements,CTF
CVSS,has_a,CTF
CVSS,has_a,Discretionary Access Control
CTF,has_a,access control
CTF,has_a,Discretionary Access Control
CTF,has_a,CSP
access control,has_a,Discretionary Access Control
access control,has_a,CSP
access control,has_a,CSA
Discretionary Access Control,has_a,CSP
Discretionary Access Control,has_a,CSA
Discretionary Access Control,has_a,Content Security Policy
CSP,has_a,CSA
CSP,has_a,Content Security Policy
CSP,has_a,Common Vulnerability Scoring System
CSA,has_a,Common Vulnerability Scoring System
CSA,has_a,incident response
Content Security Policy,has_a,Common Vulnerability Scoring System
Content Security Policy,has_a,incident response
Common Vulnerability Scoring System,has_a,incident response
Common Vulnerability Scoring System,has_a,ASC
Common Vulnerability Scoring System,has_a,Threat Intelligence
incident response,has_a,ASC
incident response,has_a,Threat Intelligence
incident response,has_a,ACC
Threat Intelligence,has_a,ACC
Threat Intelligence,has_a,The Cyber Security Body
Threat Intelligence,has_a,CVE
ACC,has_a,The Cyber Security Body
ACC,has_a,CVE
ACC,has_a,ESP
The Cyber Security Body,has_a,CVE
The Cyber Security Body,has_a,ESP
The Cyber Security Body,has_a,Policy
CVE,has_a,Policy
CVE,has_a,Control
ESP,has_a,Policy
ESP,has_a,Control
ESP,has_a,APT
Policy,has_a,Control
Policy,has_a,APT
Policy,has_a,DAC
Control,has_a,DAC
DAC,has_a,CTI
DAC,has_a,Tor
CTI,has_a,security policy
Tor,uses,security policy
FIRST,has_a,RAT
FIRST,has_a,Direct Memory Access
RAT,has_a,Direct Memory Access
RAT,has_a,DMA
Direct Memory Access,has_a,DMA
Direct Memory Access,has_a,NIS
Direct Memory Access,has_a,DMARC
DMA,has_a,NIS
DMA,has_a,DMARC
DMA,has_a,encryption
NIS,has_a,DMARC
NIS,has_a,DES
DMARC,has_a,DES
DMARC,has_a,Distributed Hash Table
encryption,has_a,DES
encryption,has_a,Distributed Hash Table
encryption,has_a,DDoS
DES,implements,Distributed Hash Table
DES,has_a,DDoS
DES,implements,DHKE
Distributed Hash Table,has_a,DDoS
Distributed Hash Table,has_a,DHKE
Distributed Hash Table,has_a,DFRWS
DDoS,has_a,DHKE
DDoS,has_a,DFRWS
DDoS,has_a,Hellman Key Exchange
DHKE,has_a,DFRWS
DHKE,has_a,Hellman Key Exchange
DHKE,has_a,ISI
DFRWS,has_a,ISI
DFRWS,has_a,Message Authentication Reporting and Conformance
Hellman Key Exchange,has_a,ISI
Hellman Key Exchange,has_a,Message Authentication Reporting and Conformance
Hellman Key Exchange,has_a,NSS
ISI,has_a,Message Authentication Reporting and Conformance
ISI,has_a,NSS
Message Authentication Reporting and Conformance,has_a,Hellman Integrated Encryption Scheme
NSS,has_a,ARP
NSS,has_a,Hellman Integrated Encryption Scheme
NSS,has_a,ACC
ARP,has_a,Hellman Integrated Encryption Scheme
ARP,has_a,DHIES
Hellman Integrated Encryption Scheme,has_a,ACC
Hellman Integrated Encryption Scheme,has_a,DHIES
Hellman Integrated Encryption Scheme,has_a,DNSSEC
ACC,has_a,DHIES
ACC,has_a,DNSSEC
DHIES,has_a,DNSSEC
DHIES,has_a,The Cyber Security Body
DHIES,has_a,HTTP
DNSSEC,has_a,The Cyber Security Body
DNSSEC,has_a,HTTP
DNSSEC,has_a,DHT
The Cyber Security Body,has_a,Digital Forensics Research Workshop
HTTP,has_a,DHT
HTTP,has_a,Digital Forensics Research Workshop
HTTP,has_a,authentication
DHT,has_a,Digital Forensics Research Workshop
DHT,has_a,authentication
DHT,has_a,denial of service
Digital Forensics Research Workshop,has_a,authentication
Digital Forensics Research Workshop,has_a,denial of service
Digital Forensics Research Workshop,has_a,DCS
authentication,has_a,denial of service
authentication,has_a,DCS
authentication,has_a,DAST
denial of service,has_a,DCS
denial of service,has_a,DAST
denial of service,has_a,digital forensics
DCS,has_a,DAST
DCS,has_a,digital forensics
DCS,has_a,ICS
DAST,has_a,digital forensics
DAST,has_a,ICS
DAST,has_a,Data Encryption Standard
digital forensics,has_a,Data Encryption Standard
digital forensics,has_a,HTTPS
ICS,has_a,Data Encryption Standard
ICS,has_a,HTTPS
Data Encryption Standard,has_a,HTTPS
Data Encryption Standard,has_a,Control
Data Encryption Standard,has_a,integrity
HTTPS,has_a,Control
HTTPS,has_a,integrity
HTTPS,has_a,Security Extensions
Control,has_a,Security Extensions
integrity,has_a,Security Extensions
NIST,can_detect,EAP
NIST,can_detect,Encapsulation Security Payload
NIST,can_detect,RAT
EAP,can_detect,Encapsulation Security Payload
EAP,can_detect,ECC
Encapsulation Security Payload,can_detect,RAT
Encapsulation Security Payload,can_detect,ECC
Encapsulation Security Payload,can_detect,NIS
RAT,can_detect,ECC
RAT,can_detect,NIS
RAT,can_detect,elliptic curve
ECC,can_detect,NIS
ECC,can_detect,ENISA
NIS,can_detect,elliptic curve
NIS,can_detect,ENISA
elliptic curve,implements,ENISA
elliptic curve,implements,encryption
elliptic curve,can_detect,DES
ENISA,can_detect,encryption
ENISA,can_detect,DES
ENISA,can_detect,LAN
encryption,can_detect,DES
encryption,can_detect,LAN
encryption,can_detect,Enhanced Interior Gateway Routing Protocol
DES,implements,Enhanced Interior Gateway Routing Protocol
LAN,can_detect,Enhanced Interior Gateway Routing Protocol
LAN,can_detect,DSS
LAN,can_detect,EIGRP
Enhanced Interior Gateway Routing Protocol,can_detect,EIGRP
Enhanced Interior Gateway Routing Protocol,can_detect,Extensible Authentication Protocol
DSS,can_detect,EIGRP
DSS,can_detect,Extensible Authentication Protocol
DSS,can_detect,DSKS
EIGRP,can_detect,Extensible Authentication Protocol
EIGRP,can_detect,DSKS
EIGRP,can_detect,ACC
Extensible Authentication Protocol,can_detect,DSKS
Extensible Authentication Protocol,can_detect,ACC
DSKS,can_detect,ACC
DSKS,can_detect,OWE
DSKS,can_detect,DSA
ACC,can_detect,OWE
ACC,can_detect,DSA
ACC,can_detect,ISA
OWE,can_detect,DSA
OWE,can_detect,Transport layer security
DSA,can_detect,ISA
DSA,can_detect,Transport layer security
DSA,can_detect,PEAP
ISA,can_detect,Transport layer security
ISA,can_detect,PEAP
Transport layer security,can_detect,PEAP
Transport layer security,can_detect,The Cyber Security Body
Transport layer security,can_detect,DRM
PEAP,can_detect,DRM
The Cyber Security Body,can_detect,DRM
The Cyber Security Body,can_detect,ESP
DRM,can_detect,TLS
DRM,can_detect,ESP
DRM,can_detect,authentication
TLS,can_detect,digital signature
ESP,can_detect,digital signature
authentication,can_detect,digital signature
authentication,can_detect,NCA
authentication,can_detect,PAC
digital signature,can_detect,NCA
digital signature,can_detect,PAC
digital signature,can_detect,DVI
NCA,can_detect,DVI
NCA,can_detect,ICS
PAC,can_detect,DVI
PAC,can_detect,ICS
PAC,can_detect,Protocol
DVI,can_detect,ICS
DVI,can_detect,Protocol
DVI,can_detect,NAT
ICS,can_detect,Protocol
ICS,can_detect,NAT
Protocol,can_detect,NAT
Protocol,can_detect,Digital Serial Interface
NAT,can_detect,Control
NAT,can_detect,CTI
Control,can_detect,Digital Serial Interface
Digital Serial Interface,can_detect,CTI
Digital Serial Interface,can_detect,Tor
Digital Serial Interface,can_detect,IBE
CTI,can_detect,IBE
CTI,can_detect,Authentication Protocol
IBE,can_detect,Authentication Protocol
Based Access Control,can_detect,FIRST
Based Access Control,can_detect,Global Cybersecurity Index
FIRST,can_detect,RAT
FIRST,can_detect,Global Cybersecurity Index
FIRST,can_detect,privacy
RAT,can_detect,Global Cybersecurity Index
RAT,can_detect,privacy
RAT,can_detect,access control
Global Cybersecurity Index,can_detect,privacy
Global Cybersecurity Index,can_detect,access control
Global Cybersecurity Index,can_detect,Fully Homomorphic Encryption
privacy,can_detect,Fully Homomorphic Encryption
privacy,can_detect,encryption
access control,can_detect,encryption
access control,can_detect,Flux Advanced Security Kernel
Fully Homomorphic Encryption,can_detect,encryption
Fully Homomorphic Encryption,can_detect,Flux Advanced Security Kernel
Fully Homomorphic Encryption,can_detect,FHE
encryption,can_detect,Flux Advanced Security Kernel
encryption,can_detect,FHE
encryption,can_detect,MAC
Flux Advanced Security Kernel,can_detect,GCI
FHE,can_detect,MAC
FHE,can_detect,GCI
FHE,can_detect,incident response
MAC,can_detect,GCI
MAC,can_detect,incident response
GCI,can_detect,incident response
incident response,can_detect,Message Authentication Code
incident response,can_detect,FLASK
incident response,can_detect,Forum of Incident Response and Security Teams
Message Authentication Code,can_detect,Forum of Incident Response and Security Teams
FLASK,can_detect,Forum of Incident Response and Security Teams
FLASK,can_detect,ACC
Forum of Incident Response and Security Teams,can_detect,NSS
Forum of Incident Response and Security Teams,can_detect,ACC
Forum of Incident Response and Security Teams,can_detect,GDPR
NSS,can_detect,ACC
NSS,can_detect,GDPR
NSS,can_detect,The Cyber Security Body
ACC,can_detect,GDPR
ACC,can_detect,ESP
GDPR,can_detect,The Cyber Security Body
GDPR,can_detect,ESP
GDPR,can_detect,authentication
The Cyber Security Body,can_detect,authentication
The Cyber Security Body,can_detect,PAC
ESP,can_detect,RBAC
authentication,can_detect,RBAC
authentication,can_detect,ICS
PAC,can_detect,RBAC
PAC,can_detect,GPG
RBAC,can_detect,ICS
RBAC,can_detect,GPG
ICS,can_detect,GPG
ICS,can_detect,CTI
GPG,can_detect,Tor
NIST,has_a,Based Access Control
NIST,has_a,HMAC
Based Access Control,has_a,HMAC
Based Access Control,has_a,HIPAA
HMAC,has_a,HIPAA
HMAC,implements,accountability
HIPAA,has_a,RAT
HIPAA,has_a,accountability
HIPAA,has_a,NIS
accountability,has_a,NIS
accountability,has_a,access control
accountability,has_a,Level Data Link Control
NIS,has_a,access control
NIS,has_a,Level Data Link Control
NIS,has_a,HSTS
access control,has_a,Level Data Link Control
access control,has_a,HSTS
access control,has_a,Identity Based Encryption
Level Data Link Control,has_a,HSTS
Level Data Link Control,has_a,Identity Based Encryption
Level Data Link Control,has_a,encryption
HSTS,has_a,Identity Based Encryption
HSTS,has_a,encryption
HSTS,has_a,DES
Identity Based Encryption,has_a,encryption
Identity Based Encryption,has_a,DES
Identity Based Encryption,has_a,LAN
encryption,has_a,MAC
DES,implements,intrusion detection
LAN,has_a,MAC
LAN,has_a,intrusion detection
LAN,has_a,Hypertext Transfer Protocol
MAC,has_a,intrusion detection
MAC,has_a,Hypertext Transfer Protocol
MAC,has_a,IBAC
intrusion detection,has_a,Hypertext Transfer Protocol
intrusion detection,has_a,IBAC
intrusion detection,has_a,HIDS
Hypertext Transfer Protocol,has_a,IBAC
Hypertext Transfer Protocol,has_a,HIDS
Hypertext Transfer Protocol,has_a,HAC
IBAC,has_a,HIDS
IBAC,has_a,HAC
IBAC,has_a,Strict Transport Security
HIDS,has_a,HAC
HIDS,has_a,Strict Transport Security
HIDS,has_a,ACC
HAC,has_a,Strict Transport Security
HAC,has_a,ACC
HAC,has_a,High Performance Controller
Strict Transport Security,has_a,ACC
Strict Transport Security,has_a,High Performance Controller
Strict Transport Security,has_a,HPC
ACC,has_a,High Performance Controller
ACC,has_a,HPC
ACC,has_a,Intrusion Detection System
High Performance Controller,has_a,HPC
High Performance Controller,has_a,Intrusion Detection System
High Performance Controller,has_a,The Cyber Security Body
HPC,has_a,Intrusion Detection System
HPC,has_a,The Cyber Security Body
HPC,has_a,HTTP
Intrusion Detection System,has_a,The Cyber Security Body
Intrusion Detection System,has_a,HTTP
Intrusion Detection System,has_a,IDS
The Cyber Security Body,has_a,IDS
The Cyber Security Body,has_a,ICMP
HTTP,has_a,IDS
HTTP,has_a,ICMP
HTTP,has_a,Hardware Security Module
IDS,has_a,ICMP
IDS,has_a,Hardware Security Module
IDS,has_a,IBC
ICMP,has_a,Hardware Security Module
ICMP,has_a,IBC
ICMP,has_a,HSM
Hardware Security Module,has_a,IBC
Hardware Security Module,has_a,NCA
IBC,has_a,HSM
IBC,has_a,NCA
IBC,has_a,Based Encryption
HSM,has_a,NCA
HSM,has_a,Based Encryption
HSM,has_a,HDLC
NCA,has_a,Based Encryption
NCA,has_a,HDLC
Based Encryption,has_a,HDLC
Based Encryption,has_a,Protocol
Based Encryption,has_a,HTTPS
HDLC,has_a,Protocol
HDLC,has_a,HTTPS
HDLC,has_a,Control
HTTPS,has_a,Based Cryptography
Control,has_a,Based Cryptography
APT,has_a,Based Cryptography
Based Cryptography,has_a,CTI
Based Cryptography,has_a,IBE
IDPS,can_exploit,RAT
IDPS,can_exploit,IoT
IDPS,can_exploit,NIS
RAT,can_exploit,IoT
RAT,can_exploit,NIS
RAT,can_exploit,IKE
IoT,can_exploit,NIS
IoT,can_exploit,IKE
NIS,can_exploit,IKE
NIS,can_exploit,LAN
IKE,can_exploit,DES
IKE,can_exploit,LAN
IKE,can_exploit,IDXP
LAN,can_exploit,IDXP
LAN,can_exploit,intrusion detection
LAN,can_exploit,ACC
IDXP,can_exploit,intrusion detection
IDXP,can_exploit,ACC
IDXP,can_exploit,ISA
intrusion detection,can_exploit,ACC
intrusion detection,can_exploit,ISA
intrusion detection,can_exploit,IMAP
ACC,can_exploit,ISA
ACC,can_exploit,Intrusion Detection System
ISA,can_exploit,IMAP
ISA,can_exploit,Intrusion Detection System
ISA,can_exploit,IDMEF
IMAP,can_exploit,IDMEF
IMAP,can_exploit,The Cyber Security Body
Intrusion Detection System,can_exploit,IDMEF
Intrusion Detection System,can_exploit,The Cyber Security Body
Intrusion Detection System,can_exploit,IDS
IDMEF,can_exploit,The Cyber Security Body
IDMEF,can_exploit,IDS
The Cyber Security Body,can_exploit,IDS
The Cyber Security Body,can_exploit,Internet Message Access Protocol
IDS,can_exploit,Internet Key Exchange
Internet Message Access Protocol,can_exploit,ICS
Internet Message Access Protocol,can_exploit,Internet Key Exchange
ICS,can_exploit,Internet Key Exchange
ICS,can_exploit,Protocol
ICS,can_exploit,NAT
Internet Key Exchange,can_exploit,Protocol
Internet Key Exchange,can_exploit,NAT
Internet Key Exchange,can_exploit,Control
NAT,can_exploit,Control
NAT,can_exploit,CTI
Control,can_exploit,CTI
CTI,can_exploit,IBE
KAS,has_a,ECC
KAS,has_a,KDF
KAS,has_a,NIS
ECC,has_a,KDF
ECC,has_a,NIS
ECC,has_a,IPS
KDF,has_a,NIS
KDF,has_a,IPS
KDF,has_a,KEK
NIS,has_a,KEK
IPS,has_a,KEK
IPS,has_a,ABE
IPS,has_a,encryption
KEK,has_a,key management
ABE,has_a,key management
ABE,has_a,LAN
encryption,has_a,key management
encryption,has_a,ISAKMP
key management,has_a,ISAKMP
LAN,has_a,ISAKMP
LAN,has_a,Kerberos
ISAKMP,has_a,Kerberos
ISAKMP,has_a,MAC
ISAKMP,has_a,ISI
Kerberos,implements,MAC
Kerberos,implements,ISI
Kerberos,implements,incident response
MAC,has_a,incident response
MAC,has_a,ASC
ISI,has_a,incident response
ISI,has_a,ASC
incident response,has_a,Intrusion Prevention System
incident response,has_a,IRGC
ASC,has_a,Intrusion Prevention System
ASC,has_a,IRGC
ASC,has_a,SENT
Intrusion Prevention System,has_a,IRGC
Intrusion Prevention System,has_a,SENT
Intrusion Prevention System,has_a,Internet Protocol
IRGC,has_a,SENT
IRGC,has_a,Internet Protocol
IRGC,has_a,KEM
SENT,has_a,Internet Protocol
Internet Protocol,has_a,KEM
Internet Protocol,has_a,ISA
KEM,has_a,ISA
KEM,has_a,ISF
KEM,has_a,Internet Security Association and Key Management Protocol
ISA,has_a,ISF
ISA,has_a,Internet Security Association and Key Management Protocol
ISA,has_a,intrusion prevention
ISF,has_a,Internet Security Association and Key Management Protocol
ISF,has_a,intrusion prevention
ISF,has_a,The Cyber Security Body
Internet Security Association and Key Management Protocol,has_a,intrusion prevention
Internet Security Association and Key Management Protocol,has_a,Key Encryption Key
intrusion prevention,has_a,The Cyber Security Body
intrusion prevention,has_a,Key Encryption Key
intrusion prevention,has_a,ESP
The Cyber Security Body,has_a,Key Encryption Key
The Cyber Security Body,has_a,Key Encapsulation Mechanism
Key Encryption Key,has_a,ESP
Key Encryption Key,has_a,Key Encapsulation Mechanism
Key Encryption Key,has_a,Policy
ESP,has_a,Key Encapsulation Mechanism
ESP,has_a,authentication
Key Encapsulation Mechanism,has_a,Policy
Key Encapsulation Mechanism,has_a,authentication
Key Encapsulation Mechanism,has_a,NCA
Policy,has_a,authentication
Policy,has_a,NCA
Policy,has_a,Based Encryption
authentication,has_a,NCA
NCA,has_a,Key Derivation Function
Based Encryption,has_a,Key Derivation Function
Based Encryption,has_a,NAT
Protocol,has_a,Key Derivation Function
Protocol,has_a,NAT
Protocol,has_a,IPsec
Key Derivation Function,has_a,NAT
Key Derivation Function,has_a,IPsec
Key Derivation Function,has_a,CTI
NAT,has_a,IPsec
NAT,has_a,Tor
IPsec,has_a,CTI
IPsec,has_a,Tor
IPsec,has_a,SOC
CTI,has_a,SOC
Local Area Network,can_exploit,IPS
Local Area Network,can_exploit,access control
RAT,can_exploit,IPS
RAT,can_exploit,MISP
IPS,can_exploit,access control
IPS,can_exploit,MISP
IPS,can_exploit,MITM
access control,can_exploit,MISP
access control,can_exploit,ABE
MISP,can_exploit,MITM
MISP,can_exploit,LAN
MITM,can_exploit,ABE
MITM,can_exploit,Key Value Store
ABE,can_exploit,LAN
ABE,can_exploit,Key Value Store
ABE,can_exploit,MAC
LAN,can_exploit,Key Value Store
LAN,can_exploit,MAC
LAN,can_exploit,Mandatory Access Control
Key Value Store,can_exploit,Mandatory Access Control
Key Value Store,can_exploit,Message Authentication Code
MAC,can_exploit,Mandatory Access Control
MAC,can_exploit,ACC
Mandatory Access Control,can_exploit,Message Authentication Code
Mandatory Access Control,can_exploit,ACC
Mandatory Access Control,can_exploit,The Cyber Security Body
Message Authentication Code,can_exploit,The Cyber Security Body
Message Authentication Code,can_exploit,OWASP
ACC,can_exploit,The Cyber Security Body
ACC,can_exploit,OWASP
ACC,can_exploit,authentication
The Cyber Security Body,can_exploit,OWASP
The Cyber Security Body,can_exploit,LEA
OWASP,can_exploit,authentication
OWASP,can_exploit,LEA
OWASP,can_exploit,Protocol
LEA,can_exploit,Control
LEA,can_exploit,KVS
Protocol,can_exploit,KVS
Control,can_exploit,KVS
Control,can_exploit,man-in-the-middle
KVS,can_exploit,man-in-the-middle
KVS,can_exploit,CAN
man-in-the-middle,can_exploit,CAN
NIST,can_detect,MPLS
NIST,can_detect,MSTG
MPLS,can_detect,RAT
MPLS,can_detect,NCSC
MSTG,can_detect,RAT
MSTG,can_detect,NCSC
MSTG,can_detect,NIS
RAT,can_detect,NCSC
RAT,can_detect,NDP
NCSC,can_detect,NIS
NCSC,can_detect,NDP
NCSC,can_detect,ABE
NIS,can_detect,NDP
NDP,can_detect,ABE
NDP,can_detect,MPC
NDP,can_detect,DES
ABE,can_detect,DES
ABE,can_detect,LAN
MPC,can_detect,DES
MPC,can_detect,LAN
MPC,can_detect,Multiprotocol Label Switching
DES,implements,Multiprotocol Label Switching
LAN,can_detect,Multiprotocol Label Switching
LAN,can_detect,MAC
LAN,can_detect,Network Address Translation
Multiprotocol Label Switching,can_detect,MAC
Multiprotocol Label Switching,can_detect,ISA
MAC,can_detect,Network Address Translation
MAC,can_detect,ISA
MAC,can_detect,Neighbor Discovery Protocol
Network Address Translation,can_detect,ISA
Network Address Translation,can_detect,The Cyber Security Body
ISA,can_detect,Neighbor Discovery Protocol
ISA,can_detect,Network Functions Virtualisation
Neighbor Discovery Protocol,can_detect,The Cyber Security Body
Neighbor Discovery Protocol,can_detect,Network Functions Virtualisation
Neighbor Discovery Protocol,can_detect,National Cyber Security Centre
The Cyber Security Body,can_detect,Network Functions Virtualisation
The Cyber Security Body,can_detect,National Cyber Security Centre
Network Functions Virtualisation,can_detect,National Cyber Security Centre
Network Functions Virtualisation,can_detect,Mobile Security Testing Guide
National Cyber Security Centre,can_detect,Mobile Security Testing Guide
National Cyber Security Centre,can_detect,NICE
National Cyber Security Centre,can_detect,NCA
Mobile Security Testing Guide,can_detect,NICE
Mobile Security Testing Guide,can_detect,NCA
Mobile Security Testing Guide,can_detect,PAC
NICE,can_detect,PAC
NICE,can_detect,NFV
NCA,can_detect,NFV
PAC,can_detect,NFV
PAC,can_detect,LEA
NFV,can_detect,ICS
NFV,can_detect,LEA
NFV,can_detect,Protocol
ICS,can_detect,LEA
LEA,can_detect,NAT
LEA,can_detect,Control
NAT,can_detect,CAN
Control,can_detect,CAN
NIST,can_exploit,FIRST
NIST,can_exploit,Network Time Protocol
NIST,can_exploit,RAT
FIRST,can_exploit,Network Time Protocol
FIRST,can_exploit,RAT
FIRST,can_exploit,ORAM
Network Time Protocol,can_exploit,RAT
Network Time Protocol,can_exploit,ORAM
Network Time Protocol,can_exploit,NIS
RAT,can_exploit,ORAM
ORAM,can_exploit,Status Protocol
NIS,can_exploit,IPS
NIS,can_exploit,Status Protocol
NIS,can_exploit,CSP
IPS,can_exploit,Status Protocol
IPS,can_exploit,CSP
IPS,can_exploit,encryption
Status Protocol,can_exploit,CSP
Status Protocol,can_exploit,encryption
CSP,can_exploit,encryption
CSP,can_exploit,symmetric encryption
encryption,can_exploit,symmetric encryption
encryption,can_exploit,OEA
encryption,can_exploit,OAuth
symmetric encryption,can_exploit,OAuth
symmetric encryption,can_exploit,NVD
OEA,can_exploit,NVD
OEA,can_exploit,NSA
OAuth,can_exploit,NSA
OAuth,can_exploit,National Security Agency
NVD,can_exploit,NSA
NVD,can_exploit,Outgoing Eclipse Attacks
NSA,can_exploit,National Security Agency
NSA,can_exploit,Outgoing Eclipse Attacks
NSA,can_exploit,Opportunistic Wireless Encryption
National Security Agency,can_exploit,Outgoing Eclipse Attacks
National Security Agency,can_exploit,Opportunistic Wireless Encryption
National Security Agency,can_exploit,asymmetric encryption
Outgoing Eclipse Attacks,can_exploit,Opportunistic Wireless Encryption
Outgoing Eclipse Attacks,can_exploit,asymmetric encryption
Opportunistic Wireless Encryption,can_exploit,asymmetric encryption
Opportunistic Wireless Encryption,can_exploit,SPF
Opportunistic Wireless Encryption,can_exploit,ACC
asymmetric encryption,can_exploit,SPF
asymmetric encryption,can_exploit,ACC
asymmetric encryption,can_exploit,OWE
SPF,can_exploit,ACC
SPF,can_exploit,OWE
SPF,can_exploit,ISA
ACC,can_exploit,OWE
OWE,can_exploit,ISA
OWE,can_exploit,OWASP
ISA,can_exploit,OWASP
ISA,can_exploit,OCSP
The Cyber Security Body,can_exploit,OCSP
OWASP,can_exploit,OCSP
OCSP,can_exploit,LEA
OCSP,can_exploit,Protocol
OCSP,can_exploit,Open Web Application Security Project
LEA,can_exploit,Open Web Application Security Project
LEA,can_exploit,NTP
Protocol,can_exploit,Open Web Application Security Project
Protocol,can_exploit,NTP
Open Web Application Security Project,can_exploit,NTP
Open Web Application Security Project,can_exploit,NAT
Open Web Application Security Project,can_exploit,CTI
NTP,can_exploit,NAT
NTP,can_exploit,Tor
NAT,can_exploit,Tor
EAP,can_detect,PKCS
EAP,can_detect,privacy
RAT,can_detect,PKCS
RAT,can_detect,KDF
PKCS,can_detect,privacy
PKCS,can_detect,KDF
PKCS,can_detect,PAN
privacy,can_detect,KDF
privacy,can_detect,PAN
KDF,can_detect,PAN
KDF,can_detect,Password Authentication Protocol
KDF,can_detect,encryption
PAN,can_detect,Password Authentication Protocol
PAN,can_detect,encryption
PAN,can_detect,PKE
Password Authentication Protocol,can_detect,encryption
Password Authentication Protocol,can_detect,PKE
encryption,can_detect,PKE
encryption,can_detect,PCI DSS
PKE,can_detect,PCI DSS
PKE,can_detect,Extensible Authentication Protocol
PCI DSS,can_detect,DSS
DSS,can_detect,ACC
DSS,can_detect,Key Infrastructure
Extensible Authentication Protocol,can_detect,Key Infrastructure
Extensible Authentication Protocol,can_detect,Pointer Authentication Code
ACC,can_detect,Key Infrastructure
ACC,can_detect,Pointer Authentication Code
ACC,can_detect,PEAP
Key Infrastructure,can_detect,PEAP
Key Infrastructure,can_detect,The Cyber Security Body
Pointer Authentication Code,can_detect,PEAP
Pointer Authentication Code,can_detect,The Cyber Security Body
Pointer Authentication Code,can_detect,Public Key Cryptography
PEAP,can_detect,Public Key Cryptography
PEAP,can_detect,PKI
The Cyber Security Body,can_detect,Public Key Cryptography
The Cyber Security Body,can_detect,PKI
Public Key Cryptography,can_detect,PKI
Public Key Cryptography,can_detect,PGP
Public Key Cryptography,can_detect,Programmable Logic Controller
PKI,can_detect,PGP
PGP,can_detect,Programmable Logic Controller
PGP,can_detect,authentication
PGP,can_detect,PAC
Programmable Logic Controller,can_detect,PAC
authentication,can_detect,PLC
PAC,can_detect,PLC
PAC,can_detect,PAP
PAC,can_detect,Privileged Access Never
PLC,can_detect,PAP
PLC,can_detect,Public Key Encryption
PAP,can_detect,Privileged Access Never
PAP,can_detect,Public Key Encryption
Privileged Access Never,can_detect,Public Key Encryption
Public Key Encryption,can_detect,Key Derivation Function
Public Key Encryption,can_detect,Control
Protocol,can_detect,Key Derivation Function
Key Derivation Function,can_detect,CTI
Key Derivation Function,can_detect,Authentication Protocol
Control,can_detect,Authentication Protocol
RAT,has_a,Point Protocol
RAT,has_a,QKD
Point Protocol,has_a,PPTP
Point Protocol,has_a,Shared Key
PPTP,has_a,QKD
PPTP,has_a,Shared Key
PPTP,has_a,PST
QKD,has_a,Shared Key
QKD,has_a,PST
QKD,has_a,RARP
Shared Key,has_a,PST
Shared Key,has_a,trojan
PST,has_a,RARP
PST,has_a,trojan
PST,has_a,Address Resolution Protocol
RARP,has_a,trojan
RARP,has_a,Address Resolution Protocol
RARP,has_a,ISI
trojan,has_a,Address Resolution Protocol
trojan,has_a,ISI
trojan,has_a,ARP
Address Resolution Protocol,has_a,ISI
Address Resolution Protocol,has_a,ARP
Address Resolution Protocol,has_a,ACC
ISI,has_a,ACC
ISI,has_a,PSK
ARP,has_a,PSK
ACC,has_a,PSK
PSK,has_a,ISA
PSK,has_a,AKE
ISA,has_a,ESP
AKE,has_a,Resolution Protocol
The Cyber Security Body,has_a,Resolution Protocol
ESP,has_a,Resolution Protocol
ESP,has_a,PQC
Resolution Protocol,has_a,PQC
Resolution Protocol,has_a,LEA
PQC,has_a,PAC
PQC,has_a,LEA
PQC,has_a,POP
PAC,has_a,LEA
PAC,has_a,POP
LEA,has_a,POP
LEA,has_a,Protocol
LEA,has_a,NAT
POP,has_a,Remote Access Trojan
NAT,has_a,Remote Access Trojan
NAT,has_a,PPP
Remote Access Trojan,has_a,CTI
Remote Access Trojan,has_a,PPP
Remote Access Trojan,has_a,Tor
CTI,has_a,PPP
PPP,has_a,Tor
Based Access Control,has_a,RSA
RSA,implements,Resource Public Key Infrastructure
Resource Public Key Infrastructure,has_a,authorization
Resource Public Key Infrastructure,has_a,SDL
authorization,has_a,access control
authorization,has_a,SDL
authorization,has_a,Networking
access control,has_a,SDL
access control,has_a,Networking
access control,has_a,Public Key Infrastructure
SDL,has_a,Networking
SDL,has_a,Public Key Infrastructure
SDL,has_a,ACC
Networking,has_a,Public Key Infrastructure
Networking,has_a,ACC
Networking,has_a,OWE
Public Key Infrastructure,has_a,ACC
Public Key Infrastructure,has_a,OWE
ACC,has_a,OWE
OWE,has_a,Key Infrastructure
OWE,has_a,RPKI
Key Infrastructure,has_a,The Cyber Security Body
Key Infrastructure,has_a,RPKI
The Cyber Security Body,has_a,RPKI
The Cyber Security Body,has_a,PKI
The Cyber Security Body,has_a,RTP
RPKI,has_a,RTP
PKI,has_a,RBAC
PKI,has_a,Protocol
RTP,has_a,RBAC
RTP,has_a,Protocol
RBAC,has_a,Protocol
RBAC,has_a,Tor
Control,has_a,SOC
SCADA,can_detect,SCN
SCADA,can_detect,encryption
SCADA,can_detect,LAN
SCN,can_detect,LAN
SCN,can_detect,SDL
encryption,can_detect,SDL
encryption,can_detect,SIEM
LAN,can_detect,SDL
LAN,can_detect,SIEM
LAN,can_detect,SAML
SDL,can_detect,SIEM
SDL,can_detect,SAML
SDL,can_detect,SDN
SIEM,can_detect,SAML
SIEM,can_detect,SDN
SIEM,can_detect,Security Assertion Markup Language
SAML,can_detect,SDN
SAML,can_detect,Security Assertion Markup Language
SAML,can_detect,NSA
SDN,can_detect,Security Assertion Markup Language
SDN,can_detect,NSA
Security Assertion Markup Language,can_detect,NSA
Security Assertion Markup Language,can_detect,Networking
NSA,can_detect,ISI
NSA,can_detect,Networking
NSA,can_detect,Security Information and Event Management
ISI,can_detect,Networking
ISI,can_detect,Security Information and Event Management
Networking,can_detect,Security Information and Event Management
Networking,can_detect,Supervisor Mode Access Protection
Networking,can_detect,ACC
Security Information and Event Management,can_detect,SAE
Supervisor Mode Access Protection,can_detect,ACC
Supervisor Mode Access Protection,can_detect,SAE
Supervisor Mode Access Protection,can_detect,The Cyber Security Body
ACC,can_detect,SAE
ACC,can_detect,authentication
SAE,can_detect,The Cyber Security Body
SAE,can_detect,Control
The Cyber Security Body,can_detect,Control
The Cyber Security Body,can_detect,SAST
authentication,can_detect,SAST
authentication,can_detect,CTI
Control,can_detect,SAST
SAST,can_detect,CTI
SAST,can_detect,SOC
SAST,can_detect,IBE
CTI,can_detect,SOC
SOC,can_detect,SMAP
SOC,can_detect,Supervisory Control and Data Acquisition
IBE,can_detect,SMAP
IBE,can_detect,Supervisory Control and Data Acquisition
IBE,can_detect,CAN
SMAP,can_detect,Supervisory Control and Data Acquisition
SMAP,can_detect,CAN
Supervisory Control and Data Acquisition,can_detect,CAN
RAT,can_exploit,SSTP
RAT,can_exploit,PAN
return-oriented programming,can_exploit,SSTP
return-oriented programming,can_exploit,PAN
return-oriented programming,can_exploit,LAN
SSTP,can_exploit,PAN
SSTP,can_exploit,SQUARE
PAN,can_exploit,LAN
PAN,can_exploit,CMA
LAN,can_exploit,SQUARE
LAN,can_exploit,CMA
LAN,can_exploit,SSL
SQUARE,can_exploit,CMA
SQUARE,can_exploit,Chosen Message Attack
CMA,can_exploit,SSL
CMA,can_exploit,SPF
SSL,can_exploit,Chosen Message Attack
SSL,can_exploit,SPF
SSL,can_exploit,Security Operating Center
Chosen Message Attack,can_exploit,SPF
Chosen Message Attack,can_exploit,ACC
SPF,can_exploit,Security Operating Center
Security Operating Center,can_exploit,ACC
Security Operating Center,can_exploit,OWE
Security Operating Center,can_exploit,Key Infrastructure
ACC,can_exploit,separation of duties
OWE,can_exploit,Key Infrastructure
OWE,can_exploit,separation of duties
Key Infrastructure,can_exploit,The Cyber Security Body
Key Infrastructure,can_exploit,Sender Policy Framework
separation of duties,can_exploit,The Cyber Security Body
separation of duties,can_exploit,Sender Policy Framework
separation of duties,can_exploit,SMTP
The Cyber Security Body,can_exploit,Sender Policy Framework
The Cyber Security Body,can_exploit,SMTP
Sender Policy Framework,can_exploit,SMTP
Sender Policy Framework,can_exploit,ESP
Sender Policy Framework,can_exploit,SOP
SMTP,can_exploit,SOP
SMTP,can_exploit,Policy
ESP,can_exploit,SOP
ESP,can_exploit,PKI
SOP,can_exploit,Policy
SOP,can_exploit,PKI
SOP,can_exploit,Simple Mail Transfer Protocol
Policy,can_exploit,PKI
Policy,can_exploit,Simple Mail Transfer Protocol
Policy,can_exploit,Protocol
PKI,can_exploit,Simple Mail Transfer Protocol
PKI,can_exploit,Protocol
PKI,can_exploit,CTI
Simple Mail Transfer Protocol,can_exploit,Protocol
Simple Mail Transfer Protocol,can_exploit,SOIM
Protocol,can_exploit,SOIM
CTI,can_exploit,SOIM
CTI,can_exploit,Security Quality Requirements Engineering
SOIM,can_exploit,SOC
SOIM,can_exploit,Security Quality Requirements Engineering
SOC,can_exploit,Security Quality Requirements Engineering
KAS,can_exploit,IPS
KAS,can_exploit,LAN
KAS,can_exploit,MAC
IPS,can_exploit,LAN
IPS,can_exploit,NSA
LAN,can_exploit,NSA
LAN,can_exploit,TNC
MAC,can_exploit,incident response
NSA,can_exploit,TNC
NSA,can_exploit,incident response
NSA,can_exploit,Transport layer security
TNC,can_exploit,incident response
TNC,can_exploit,Transport layer security
TNC,can_exploit,The Cyber Security Body
incident response,can_exploit,Transport layer security
incident response,can_exploit,The Cyber Security Body
incident response,can_exploit,TLS
Transport layer security,can_exploit,The Cyber Security Body
Transport layer security,can_exploit,ESP
The Cyber Security Body,can_exploit,TLS
TLS,can_exploit,ESP
ESP,can_exploit,LEA
ESP,can_exploit,Trusted Network Connect
authentication,can_exploit,Trusted Network Connect
Trusted Network Connect,can_exploit,Protocol
Trusted Network Connect,can_exploit,Control
Trusted Network Connect,can_exploit,TKIP
Protocol,can_exploit,TKIP
Protocol,can_exploit,TPM
Control,can_exploit,TKIP
TKIP,can_exploit,integrity
TKIP,can_exploit,CTI
TPM,can_exploit,integrity
TPM,can_exploit,CTI
TPM,can_exploit,Tor
LAN,uses,UCON
LAN,uses,Protocol
LAN,uses,RAT
UCON,uses,RAT
Protocol,uses,RAT
Protocol,uses,RSA
RAT,uses,RSA
RAT,uses,DSS
Control,uses,RSA
Control,uses,DSS
DSS,uses,NAT
NAT,uses,Tor
NAT,uses,authentication
VPN,can_detect,XSS
VPN,can_detect,Wired Equivalent Privacy
XSS,can_detect,WEP
XSS,can_detect,Wired Equivalent Privacy
XSS,can_harm,privacy
WEP,can_detect,Wired Equivalent Privacy
WEP,can_detect,privacy
Wired Equivalent Privacy,can_detect,privacy
Wired Equivalent Privacy,can_detect,access control
Wired Equivalent Privacy,can_detect,worm
privacy,can_detect,worm
privacy,can_detect,WPA
access control,can_detect,WPA
access control,can_detect,LAN
worm,can_detect,WPA
worm,can_detect,MAC
WPA,can_detect,LAN
WPA,can_detect,Fi Protected Access
LAN,can_detect,Fi Protected Access
LAN,can_detect,cross-site scripting
MAC,can_detect,Fi Protected Access
MAC,can_detect,ACC
Fi Protected Access,can_detect,cross-site scripting
Fi Protected Access,can_detect,ACC
Fi Protected Access,can_detect,ISA
cross-site scripting,can_detect,ACC
cross-site scripting,can_detect,ISA
ACC,can_detect,Control
ISA,can_detect,WAF
The Cyber Security Body,can_detect,WAF
The Cyber Security Body,can_detect,VXLAN
Control,can_detect,WAF
Control,can_detect,Virtual Private Network
WAF,can_detect,VXLAN
WAF,can_detect,Virtual Private Network
WAF,can_detect,CTI
VXLAN,can_detect,CTI
VXLAN,can_detect,firewall
Virtual Private Network,can_detect,CTI
Virtual Private Network,can_detect,firewall
CTI,can_detect,firewall
NIST,can_exploit,ARP
NIST,can_exploit,SENT
NIST,can_exploit,ACC
ARP,can_exploit,SENT
ARP,can_exploit,ISA
SENT,can_exploit,ACC
SENT,can_exploit,ISA
SENT,can_exploit,Control
ACC,can_exploit,Control
ISA,can_exploit,anonymity
Control,can_exploit,Intrusion Detection System
Control,can_exploit,anonymity
Intrusion Detection System,can_exploit,anonymity
Intrusion Detection System,can_exploit,NIS
anonymity,can_exploit,NIS
anonymity,can_exploit,CTI
NIS,can_exploit,access control
NIS,can_exploit,SOIM
CTI,can_exploit,access control
CTI,can_exploit,CAM
SOIM,can_exploit,CAM
SOIM,can_exploit,intrusion detection
CAM,can_exploit,intrusion detection
Tor,uses,intrusion detection
Tor,can_exploit,DES
